id,obra_id,camion_id,usuario_id,tipo,capacidad,material,ubicacion,destino,timestamp,fecha,camion_nombre,camion_patente,origen,distancia_km,combustible_estimado_litros,tiempo_estimado_minutos,deleted_at,deleted_by
01dee2b5-b60d-4f24-a0fe-4a5cf85e8ace,c4af1af6-d35d-4e70-96a3-0d6172dbf701,063b0758-ce9b-48b1-ba95-6bc5fc9bdafc,fc5c6a1e-f1e2-468a-95fe-3283a39b7334,outgoing,14.00,Tierra,null,Interno,2026-01-06 20:28:53.237+00,2026-01-06,,,,,,,,
026ce880-54ad-4e39-b68e-fedad336b706,c4af1af6-d35d-4e70-96a3-0d6172dbf701,43b2b73b-cdaa-4e90-abee-f488a49b6f85,fc5c6a1e-f1e2-468a-95fe-3283a39b7334,incoming,17.50,Trumao (Arena),null,,2026-01-09 14:49:09.097+00,2026-01-09,,,Camilo H,,,,,
028f80db-0f6f-4393-8ef1-9c2ded999bb4,c4af1af6-d35d-4e70-96a3-0d6172dbf701,ca033e3a-6823-427c-b9f3-17689407cd5d,fc5c6a1e-f1e2-468a-95fe-3283a39b7334,incoming,17.50,Trumao (Arena),null,,2026-01-12 13:27:00.612+00,2026-01-12,,,Camilo H,,,,,
02b62df0-c833-4c18-94fd-ef138f09044e,c4af1af6-d35d-4e70-96a3-0d6172dbf701,51627dc9-3b32-4fb9-9a7b-c443bff18822,fc5c6a1e-f1e2-468a-95fe-3283a39b7334,outgoing,17.00,Tierra,,Interno,2026-01-17 14:12:45.653+00,2026-01-17,,,,,,,,
03afbb36-58ce-42b2-b524-2302bcbf91bc,c4af1af6-d35d-4e70-96a3-0d6172dbf701,43b2b73b-cdaa-4e90-abee-f488a49b6f85,fc5c6a1e-f1e2-468a-95fe-3283a39b7334,incoming,17.50,Trumao (Arena),,,2026-01-12 15:47:00+00,2026-01-12,,,Camilo H,,,,,
04598be2-6847-4bf3-95c8-91c80e4eb6ff,c4af1af6-d35d-4e70-96a3-0d6172dbf701,a7203471-01ed-4899-bfd9-c580d55522b3,fc5c6a1e-f1e2-468a-95fe-3283a39b7334,incoming,17.50,Trumao (Arena),null,,2026-01-09 13:45:37.88+00,2026-01-09,,,Camilo H,,,,,
048c8112-2a58-4afc-873c-5aaf94142971,c4af1af6-d35d-4e70-96a3-0d6172dbf701,43b2b73b-cdaa-4e90-abee-f488a49b6f85,fc5c6a1e-f1e2-468a-95fe-3283a39b7334,incoming,17.50,Trumao (Arena),null,,2026-01-06 17:19:06.206+00,2026-01-06,,,Camilo H,,,,,
06dfdf6a-5498-4c56-8067-cdedf4647c75,c4af1af6-d35d-4e70-96a3-0d6172dbf701,ca033e3a-6823-427c-b9f3-17689407cd5d,fc5c6a1e-f1e2-468a-95fe-3283a39b7334,incoming,17.50,Trumao (Arena),,,2026-01-12 17:34:00+00,2026-01-12,,,Camilo H,,,,,
093b4a91-5313-48b2-ace4-55eba80c04e5,c4af1af6-d35d-4e70-96a3-0d6172dbf701,51627dc9-3b32-4fb9-9a7b-c443bff18822,fc5c6a1e-f1e2-468a-95fe-3283a39b7334,outgoing,17.00,Tierra,,Interno,2026-01-08 12:41:38.835+00,2026-01-08,,,,,,,,
0958ae05-1aaf-4e3b-85d2-90fbfc1664f8,c4af1af6-d35d-4e70-96a3-0d6172dbf701,51627dc9-3b32-4fb9-9a7b-c443bff18822,fc5c6a1e-f1e2-468a-95fe-3283a39b7334,outgoing,17.00,Tierra,,Interno,2026-01-15 19:04:16.476+00,2026-01-15,,,,,,,,
099c5d21-868e-4c60-a696-a48bd937095a,c4af1af6-d35d-4e70-96a3-0d6172dbf701,51627dc9-3b32-4fb9-9a7b-c443bff18822,fc5c6a1e-f1e2-468a-95fe-3283a39b7334,outgoing,17.00,Tierra,,Interno,2026-01-17 14:36:35.867+00,2026-01-17,,,,,,,,
0b1812a8-0011-4e7c-85fb-85f3d1633927,c4af1af6-d35d-4e70-96a3-0d6172dbf701,ca033e3a-6823-427c-b9f3-17689407cd5d,fc5c6a1e-f1e2-468a-95fe-3283a39b7334,incoming,17.50,Trumao (Arena),null,,2026-01-09 12:17:24.931+00,2026-01-09,,,Camilo H,,,,,
0b6913a3-7247-42e1-b6b1-fb0a5fb65acb,c4af1af6-d35d-4e70-96a3-0d6172dbf701,51627dc9-3b32-4fb9-9a7b-c443bff18822,fc5c6a1e-f1e2-468a-95fe-3283a39b7334,outgoing,17.00,Tierra,,Interno,2026-01-15 13:23:03.792+00,2026-01-15,,,,,,,,
0c0b809b-cabf-40ef-891b-aec790f82c17,c4af1af6-d35d-4e70-96a3-0d6172dbf701,51627dc9-3b32-4fb9-9a7b-c443bff18822,fc5c6a1e-f1e2-468a-95fe-3283a39b7334,outgoing,17.00,Tierra,,Interno,2026-01-17 13:30:56.482+00,2026-01-17,,,,,,,,
0d247acb-2984-4c56-8a1f-3069153fd223,c4af1af6-d35d-4e70-96a3-0d6172dbf701,43b2b73b-cdaa-4e90-abee-f488a49b6f85,fc5c6a1e-f1e2-468a-95fe-3283a39b7334,incoming,17.50,Trumao (Arena),,,2026-01-12 13:23:00+00,2026-01-12,,,Camilo H,,,,,
0f0f95a3-4bc0-4e84-9c2c-7d7aa846c908,c4af1af6-d35d-4e70-96a3-0d6172dbf701,51627dc9-3b32-4fb9-9a7b-c443bff18822,fc5c6a1e-f1e2-468a-95fe-3283a39b7334,outgoing,17.00,Tierra,,Interno,2026-01-14 19:53:51.389+00,2026-01-14,,,,,,,,
0f97165d-ebd2-400b-98fb-c330521b5b34,c4af1af6-d35d-4e70-96a3-0d6172dbf701,159ccb29-eb03-4d33-86b1-74f56bb9c1fd,fc5c6a1e-f1e2-468a-95fe-3283a39b7334,incoming,17.50,Trumao (Arena),,,2026-01-12 17:44:00+00,2026-01-12,,,Camilo H,,,,,
119a2204-00bc-457a-8896-ce707e62c16f,c4af1af6-d35d-4e70-96a3-0d6172dbf701,51627dc9-3b32-4fb9-9a7b-c443bff18822,fc5c6a1e-f1e2-468a-95fe-3283a39b7334,outgoing,17.00,Tierra,,Interno,2026-01-17 13:18:07.611+00,2026-01-17,,,,,,,,
1221feb1-6f9c-4fc9-8f61-7a0a56388100,c4af1af6-d35d-4e70-96a3-0d6172dbf701,a7203471-01ed-4899-bfd9-c580d55522b3,fc5c6a1e-f1e2-468a-95fe-3283a39b7334,incoming,17.50,Trumao (Arena),null,,2026-01-07 15:35:31.9+00,2026-01-07,,,Camilo H,,,,,
1282d4f4-f0ac-4e6a-912b-bc1525f94dda,c4af1af6-d35d-4e70-96a3-0d6172dbf701,a65fd013-4e39-4377-b7cf-70f033977940,fc5c6a1e-f1e2-468a-95fe-3283a39b7334,incoming,17.50,Trumao (Arena),null,,2026-01-05 19:49:16.434+00,2026-01-05,,,Camilo H,,,,,
12866ea8-aacc-4dc0-90b2-b7c4bb35a170,c4af1af6-d35d-4e70-96a3-0d6172dbf701,063b0758-ce9b-48b1-ba95-6bc5fc9bdafc,fc5c6a1e-f1e2-468a-95fe-3283a39b7334,outgoing,14.00,Tierra,,Interno,2026-01-16 18:45:35.194+00,2026-01-16,,,,,,,,
13a001ab-f3d1-491c-aebc-8e799dd61a40,c4af1af6-d35d-4e70-96a3-0d6172dbf701,b6342b66-12c3-4a3c-b2a1-e408fc700348,fc5c6a1e-f1e2-468a-95fe-3283a39b7334,incoming,17.50,Trumao (Arena),,,2026-01-12 17:37:00+00,2026-01-12,,,Camilo H,,,,,
14104e0d-d149-40af-8499-8a24ded9edb8,c4af1af6-d35d-4e70-96a3-0d6172dbf701,51627dc9-3b32-4fb9-9a7b-c443bff18822,fc5c6a1e-f1e2-468a-95fe-3283a39b7334,outgoing,17.00,Tierra,,Interno,2026-01-07 20:14:21.748+00,2026-01-07,,,,,,,,
152ab2a5-b0f2-485f-9b6c-96df5354bc9b,c4af1af6-d35d-4e70-96a3-0d6172dbf701,51627dc9-3b32-4fb9-9a7b-c443bff18822,fc5c6a1e-f1e2-468a-95fe-3283a39b7334,outgoing,17.00,Tierra,,Interno,2026-01-12 13:37:11.245+00,2026-01-12,,,,,,,,
1611b7b4-9454-4132-8d39-254d21d5ca55,c4af1af6-d35d-4e70-96a3-0d6172dbf701,43b2b73b-cdaa-4e90-abee-f488a49b6f85,fc5c6a1e-f1e2-468a-95fe-3283a39b7334,incoming,17.50,Trumao (Arena),,,2026-01-12 17:48:00+00,2026-01-12,,,Camilo H,,,,,
16a8ab61-0d7c-4e71-87ac-734078ccfa2e,c4af1af6-d35d-4e70-96a3-0d6172dbf701,43b2b73b-cdaa-4e90-abee-f488a49b6f85,fc5c6a1e-f1e2-468a-95fe-3283a39b7334,incoming,17.50,Trumao (Arena),,,2026-01-12 14:45:00+00,2026-01-12,,,Camilo H,,,,,
17134230-6c3f-42e1-ae8d-79ff5d0cdd96,c4af1af6-d35d-4e70-96a3-0d6172dbf701,b6342b66-12c3-4a3c-b2a1-e408fc700348,fc5c6a1e-f1e2-468a-95fe-3283a39b7334,incoming,17.50,Trumao (Arena),null,,2026-01-08 13:20:17.7+00,2026-01-08,,,Camilo H,,,,,
17a717d7-0b6c-406c-94da-af00250402e9,c4af1af6-d35d-4e70-96a3-0d6172dbf701,159ccb29-eb03-4d33-86b1-74f56bb9c1fd,fc5c6a1e-f1e2-468a-95fe-3283a39b7334,incoming,17.50,Trumao (Arena),null,,2026-01-06 17:18:51.905+00,2026-01-06,,,Camilo H,,,,,
18775c1d-e02f-4b7f-af0b-7fb428f5baec,c4af1af6-d35d-4e70-96a3-0d6172dbf701,51627dc9-3b32-4fb9-9a7b-c443bff18822,fc5c6a1e-f1e2-468a-95fe-3283a39b7334,outgoing,17.00,Tierra,null,Interno,2026-01-06 18:16:32.506+00,2026-01-06,,,,,,,,
1896597d-8dc2-47f9-b8c3-66e29c9300ac,c4af1af6-d35d-4e70-96a3-0d6172dbf701,51627dc9-3b32-4fb9-9a7b-c443bff18822,fc5c6a1e-f1e2-468a-95fe-3283a39b7334,outgoing,17.00,Tierra,null,Interno,2026-01-06 18:04:28.4+00,2026-01-06,,,,,,,,
1897d6ac-a3b8-4379-8ba5-b5e3c6431716,c4af1af6-d35d-4e70-96a3-0d6172dbf701,51627dc9-3b32-4fb9-9a7b-c443bff18822,fc5c6a1e-f1e2-468a-95fe-3283a39b7334,outgoing,17.00,Tierra,,Interno,2026-01-07 20:26:58.949+00,2026-01-07,,,,,,,,
19194a84-828d-4719-8108-a5ac40539e6c,c4af1af6-d35d-4e70-96a3-0d6172dbf701,51627dc9-3b32-4fb9-9a7b-c443bff18822,fc5c6a1e-f1e2-468a-95fe-3283a39b7334,outgoing,17.00,Tierra,null,Interno,2026-01-06 13:06:12.335+00,2026-01-06,,,,,,,,
195f744c-cadd-447a-95bb-c6f632e5cf0a,c4af1af6-d35d-4e70-96a3-0d6172dbf701,51627dc9-3b32-4fb9-9a7b-c443bff18822,fc5c6a1e-f1e2-468a-95fe-3283a39b7334,outgoing,17.00,Tierra,,Interno,2026-01-07 20:57:32.624+00,2026-01-07,,,,,,,,
1b062af2-7b85-40de-a733-c010e34763e7,c4af1af6-d35d-4e70-96a3-0d6172dbf701,43b2b73b-cdaa-4e90-abee-f488a49b6f85,fc5c6a1e-f1e2-468a-95fe-3283a39b7334,incoming,17.50,Trumao (Arena),null,,2026-01-09 12:12:50.432+00,2026-01-09,,,Camilo H,,,,,
1c11c62e-d918-4568-bef1-b9e5b5b0eb13,c4af1af6-d35d-4e70-96a3-0d6172dbf701,51627dc9-3b32-4fb9-9a7b-c443bff18822,fc5c6a1e-f1e2-468a-95fe-3283a39b7334,outgoing,17.00,Tierra,,Interno,2026-01-15 14:17:52.442+00,2026-01-15,,,,,,,,
1dc3fcd7-84e0-4105-9d54-66d6a3c0fe92,c4af1af6-d35d-4e70-96a3-0d6172dbf701,063b0758-ce9b-48b1-ba95-6bc5fc9bdafc,fc5c6a1e-f1e2-468a-95fe-3283a39b7334,outgoing,14.00,Tierra,,Interno,2026-01-14 19:53:44.832+00,2026-01-14,,,,,,,,
212910a1-9488-46a0-ad69-e343cbc4b503,c4af1af6-d35d-4e70-96a3-0d6172dbf701,ca033e3a-6823-427c-b9f3-17689407cd5d,fc5c6a1e-f1e2-468a-95fe-3283a39b7334,incoming,17.50,Trumao (Arena),,,2026-01-12 14:21:00+00,2026-01-12,,,Camilo H,,,,,
2133dea2-587c-43c8-bfa6-7242933e3cf1,c4af1af6-d35d-4e70-96a3-0d6172dbf701,a7203471-01ed-4899-bfd9-c580d55522b3,fc5c6a1e-f1e2-468a-95fe-3283a39b7334,incoming,17.50,Trumao (Arena),null,,2026-01-09 12:12:03.247+00,2026-01-09,,,Camilo H,,,,,
21be488f-f3d6-489f-9c0a-469bced70c03,c4af1af6-d35d-4e70-96a3-0d6172dbf701,b6342b66-12c3-4a3c-b2a1-e408fc700348,fc5c6a1e-f1e2-468a-95fe-3283a39b7334,incoming,17.50,Trumao (Arena),null,,2026-01-08 12:10:33.705+00,2026-01-08,,,Camilo H,,,,,
21d3d8fe-1acd-4bcd-960e-80b306d0486b,c4af1af6-d35d-4e70-96a3-0d6172dbf701,0eb5e4ef-61be-4602-b7f1-62ca2dd52c79,fc5c6a1e-f1e2-468a-95fe-3283a39b7334,incoming,23.00,Base 50-70% (Grava),,,2026-01-16 12:56:35.574+00,2026-01-16,,,Madesal,,,,,
23071a88-9f9f-43d8-bf2f-233926427b52,e4f64806-140d-453b-8b8e-d51544b8b02a,d2d166c5-b600-4d2d-86b4-053389dd4bfa,4c091cd9-7ea4-4767-9e1f-7ae06f7f225a,outgoing,20.00,Tierra,,Botadero,2026-01-13 17:53:16.267+00,2026-01-13,,,,,,,,
2324e139-1061-4b74-a494-dc991104e904,c4af1af6-d35d-4e70-96a3-0d6172dbf701,063b0758-ce9b-48b1-ba95-6bc5fc9bdafc,fc5c6a1e-f1e2-468a-95fe-3283a39b7334,outgoing,14.00,Tierra,null,Interno,2026-01-06 20:54:43.836+00,2026-01-06,,,,,,,,
23491a70-1e82-42b0-beac-15eb53ceb30f,c4af1af6-d35d-4e70-96a3-0d6172dbf701,51627dc9-3b32-4fb9-9a7b-c443bff18822,fc5c6a1e-f1e2-468a-95fe-3283a39b7334,outgoing,17.00,Tierra,,Interno,2026-01-08 11:31:07.789+00,2026-01-08,,,,,,,,
2439c2de-5c53-47fa-b75d-4763c2a89196,c4af1af6-d35d-4e70-96a3-0d6172dbf701,063b0758-ce9b-48b1-ba95-6bc5fc9bdafc,fc5c6a1e-f1e2-468a-95fe-3283a39b7334,outgoing,14.00,Tierra,,Interno,2026-01-13 13:14:12.772+00,2026-01-13,,,,,,,,
24b4d262-5cc4-4986-b900-e5b806f16fe1,c4af1af6-d35d-4e70-96a3-0d6172dbf701,b6342b66-12c3-4a3c-b2a1-e408fc700348,fc5c6a1e-f1e2-468a-95fe-3283a39b7334,incoming,17.50,Trumao (Arena),null,,2026-01-07 13:52:00+00,2026-01-07,,,Camilo H,,,,,
2500dee4-480a-4dc6-8559-ec32a22accda,c4af1af6-d35d-4e70-96a3-0d6172dbf701,51627dc9-3b32-4fb9-9a7b-c443bff18822,fc5c6a1e-f1e2-468a-95fe-3283a39b7334,outgoing,17.00,Tierra,,Interno,2026-01-15 19:07:41.941+00,2026-01-15,,,,,,,,
25c26ae5-257e-4cff-970e-55a3140c2860,c4af1af6-d35d-4e70-96a3-0d6172dbf701,a7203471-01ed-4899-bfd9-c580d55522b3,fc5c6a1e-f1e2-468a-95fe-3283a39b7334,incoming,17.50,Trumao (Arena),,,2026-01-08 13:47:00+00,2026-01-08,,,Camilo H,,,,,
2674e3a2-7c41-4661-9608-a199008d58a2,c4af1af6-d35d-4e70-96a3-0d6172dbf701,159ccb29-eb03-4d33-86b1-74f56bb9c1fd,fc5c6a1e-f1e2-468a-95fe-3283a39b7334,incoming,17.50,Trumao (Arena),null,,2026-01-06 12:09:51.816+00,2026-01-06,,,Camilo H,,,,,
280718ff-dfdf-4c2a-aae1-e049527a1c48,c4af1af6-d35d-4e70-96a3-0d6172dbf701,51627dc9-3b32-4fb9-9a7b-c443bff18822,fc5c6a1e-f1e2-468a-95fe-3283a39b7334,outgoing,17.00,Tierra,,Interno,2026-01-16 12:54:45.855+00,2026-01-16,,,,,,,,
2896b5ba-9121-4897-a680-3036b1dd00bd,c4af1af6-d35d-4e70-96a3-0d6172dbf701,159ccb29-eb03-4d33-86b1-74f56bb9c1fd,fc5c6a1e-f1e2-468a-95fe-3283a39b7334,incoming,17.50,Trumao (Arena),,,2026-01-12 15:27:00+00,2026-01-12,,,Camilo H,,,,,
2a1c17b4-f421-47c3-b530-57ff03d01c42,c4af1af6-d35d-4e70-96a3-0d6172dbf701,b6342b66-12c3-4a3c-b2a1-e408fc700348,fc5c6a1e-f1e2-468a-95fe-3283a39b7334,incoming,17.50,Trumao (Arena),null,,2026-01-05 19:18:22.839+00,2026-01-05,,,Camilo H,,,,,
2b0270fd-4968-493e-8a5d-80cec1298663,c4af1af6-d35d-4e70-96a3-0d6172dbf701,51627dc9-3b32-4fb9-9a7b-c443bff18822,fc5c6a1e-f1e2-468a-95fe-3283a39b7334,outgoing,17.00,Tierra,,Interno,2026-01-17 11:59:45.848+00,2026-01-17,,,,,,,,
2b6a4e09-c128-42f5-b5c4-01fd6d29a5bf,c4af1af6-d35d-4e70-96a3-0d6172dbf701,063b0758-ce9b-48b1-ba95-6bc5fc9bdafc,fc5c6a1e-f1e2-468a-95fe-3283a39b7334,outgoing,14.00,Tierra,,Interno,2026-01-17 13:27:04.462+00,2026-01-17,,,,,,,,
2be34d28-b43d-446b-9efc-a27703005955,c4af1af6-d35d-4e70-96a3-0d6172dbf701,51627dc9-3b32-4fb9-9a7b-c443bff18822,fc5c6a1e-f1e2-468a-95fe-3283a39b7334,outgoing,17.00,Tierra,null,Interno,2026-01-06 20:51:05.944+00,2026-01-06,,,,,,,,
2df60249-42c3-461c-b74e-6cab81b04a41,c4af1af6-d35d-4e70-96a3-0d6172dbf701,51627dc9-3b32-4fb9-9a7b-c443bff18822,fc5c6a1e-f1e2-468a-95fe-3283a39b7334,outgoing,17.00,Tierra,,Interno,2026-01-07 17:06:53.308+00,2026-01-07,,,,,,,,
2e03b8a1-9bf4-4a67-8512-f447fdcfadde,c4af1af6-d35d-4e70-96a3-0d6172dbf701,b6342b66-12c3-4a3c-b2a1-e408fc700348,fc5c6a1e-f1e2-468a-95fe-3283a39b7334,incoming,17.50,Trumao (Arena),,,2026-01-06 17:23:00+00,2026-01-06,,,Camilo H,,,,,
2e3f5854-5c50-4eb6-8347-0ce9fb57461f,c4af1af6-d35d-4e70-96a3-0d6172dbf701,a7203471-01ed-4899-bfd9-c580d55522b3,fc5c6a1e-f1e2-468a-95fe-3283a39b7334,incoming,17.50,Trumao (Arena),null,,2026-01-08 12:11:11.077+00,2026-01-08,,,Camilo H,,,,,
2ec5351d-9b82-469f-a7c9-3f15ee126386,c4af1af6-d35d-4e70-96a3-0d6172dbf701,51627dc9-3b32-4fb9-9a7b-c443bff18822,fc5c6a1e-f1e2-468a-95fe-3283a39b7334,outgoing,17.00,Tierra,null,Interno,2026-01-05 20:03:53.572+00,2026-01-05,,,,,,,,
2fd37f63-52db-45b5-934a-0b58b547bb3b,c4af1af6-d35d-4e70-96a3-0d6172dbf701,063b0758-ce9b-48b1-ba95-6bc5fc9bdafc,fc5c6a1e-f1e2-468a-95fe-3283a39b7334,outgoing,14.00,Tierra,,Interno,2026-01-08 12:48:04.387+00,2026-01-08,,,,,,,,
31908abe-0613-4073-9983-619bfa6fbbad,c4af1af6-d35d-4e70-96a3-0d6172dbf701,43b2b73b-cdaa-4e90-abee-f488a49b6f85,fc5c6a1e-f1e2-468a-95fe-3283a39b7334,incoming,17.50,Trumao (Arena),null,,2026-01-14 14:44:13.015+00,2026-01-14,,,Camilo H,,,,2026-01-14 14:46:46.276+00,1c9ddce0-9633-4530-b00c-914d3cf3d9a7
325f15ae-cd14-4410-b911-840de7f6c67a,c4af1af6-d35d-4e70-96a3-0d6172dbf701,51627dc9-3b32-4fb9-9a7b-c443bff18822,fc5c6a1e-f1e2-468a-95fe-3283a39b7334,outgoing,17.00,Tierra,null,Interno,2026-01-06 11:32:58.646+00,2026-01-06,,,,,,,,
32dcdc13-b58c-4999-a92f-3775cb996da0,c4af1af6-d35d-4e70-96a3-0d6172dbf701,47ad73ac-0f50-4034-b67d-3bd47364af23,fc5c6a1e-f1e2-468a-95fe-3283a39b7334,incoming,25.00,Base 50-70% (Grava),,,2026-01-16 12:55:45.112+00,2026-01-16,,,Áridos Madesal,,,,,
340953d1-b76f-4af3-afba-e076484df51c,c4af1af6-d35d-4e70-96a3-0d6172dbf701,063b0758-ce9b-48b1-ba95-6bc5fc9bdafc,fc5c6a1e-f1e2-468a-95fe-3283a39b7334,outgoing,14.00,Tierra,,Interno,2026-01-08 11:59:26.35+00,2026-01-08,,,,,,,,
3623819a-afe6-4a2a-bc8c-96b0cd464c14,c4af1af6-d35d-4e70-96a3-0d6172dbf701,063b0758-ce9b-48b1-ba95-6bc5fc9bdafc,fc5c6a1e-f1e2-468a-95fe-3283a39b7334,outgoing,14.00,Tierra,,Interno,2026-01-13 15:30:25.67+00,2026-01-13,,,,,,,,
367c0da7-378c-47fc-a8b6-0fbdb1f67f01,c4af1af6-d35d-4e70-96a3-0d6172dbf701,51627dc9-3b32-4fb9-9a7b-c443bff18822,fc5c6a1e-f1e2-468a-95fe-3283a39b7334,outgoing,17.00,Tierra,,Interno,2026-01-13 13:25:51.116+00,2026-01-13,,,,,,,,
3894780d-2ba5-4243-b8fc-e191e1786624,c4af1af6-d35d-4e70-96a3-0d6172dbf701,79f0a491-9279-42c4-a043-3be8fd350595,fc5c6a1e-f1e2-468a-95fe-3283a39b7334,incoming,25.00,Base 50-70% (Grava),null,,2026-01-16 12:58:16.689+00,2026-01-16,,,Áridos Madesal,,,,,
3998848b-ad5c-48b1-9f11-846d19416c52,c4af1af6-d35d-4e70-96a3-0d6172dbf701,063b0758-ce9b-48b1-ba95-6bc5fc9bdafc,fc5c6a1e-f1e2-468a-95fe-3283a39b7334,outgoing,14.00,Trumado (Arena),,Interno,2026-01-14 15:24:00+00,2026-01-14,,,,,,,,
39b6a0fd-e1ed-4425-8bf6-4b35985310d7,c4af1af6-d35d-4e70-96a3-0d6172dbf701,063b0758-ce9b-48b1-ba95-6bc5fc9bdafc,fc5c6a1e-f1e2-468a-95fe-3283a39b7334,outgoing,14.00,Tierra,,Interno,2026-01-14 14:10:14.069+00,2026-01-14,,,,,,,,
3c720427-9c54-4b57-bb24-eb3596318d64,c4af1af6-d35d-4e70-96a3-0d6172dbf701,063b0758-ce9b-48b1-ba95-6bc5fc9bdafc,fc5c6a1e-f1e2-468a-95fe-3283a39b7334,outgoing,14.00,Tierra,,Interno,2026-01-07 17:01:16.65+00,2026-01-07,,,,,,,,
3d4f18e7-57be-4dc5-a181-3fe01ef4058f,c4af1af6-d35d-4e70-96a3-0d6172dbf701,063b0758-ce9b-48b1-ba95-6bc5fc9bdafc,fc5c6a1e-f1e2-468a-95fe-3283a39b7334,outgoing,14.00,Tierra,,Interno,2026-01-12 12:01:33.761+00,2026-01-12,,,,,,,,
3da57ede-5698-4942-8db0-9969624036a0,c4af1af6-d35d-4e70-96a3-0d6172dbf701,43b2b73b-cdaa-4e90-abee-f488a49b6f85,fc5c6a1e-f1e2-468a-95fe-3283a39b7334,incoming,17.50,Trumao (Arena),null,,2026-01-08 15:47:22.891+00,2026-01-08,,,Camilo H,,,,,
3e6017ea-44a8-476f-8f11-c6de1c0324d5,c4af1af6-d35d-4e70-96a3-0d6172dbf701,063b0758-ce9b-48b1-ba95-6bc5fc9bdafc,fc5c6a1e-f1e2-468a-95fe-3283a39b7334,outgoing,14.00,Tierra,,Interno,2026-01-14 14:29:36.231+00,2026-01-14,,,,,,,,
3eecd5ac-451e-4c49-89c2-c9a15cf715f0,c4af1af6-d35d-4e70-96a3-0d6172dbf701,063b0758-ce9b-48b1-ba95-6bc5fc9bdafc,fc5c6a1e-f1e2-468a-95fe-3283a39b7334,outgoing,14.00,Tierra,,Interno,2026-01-17 13:16:28.401+00,2026-01-17,,,,,,,,
3f5bbd4c-6899-4fe0-8775-6784f49716da,c4af1af6-d35d-4e70-96a3-0d6172dbf701,063b0758-ce9b-48b1-ba95-6bc5fc9bdafc,fc5c6a1e-f1e2-468a-95fe-3283a39b7334,outgoing,14.00,Tierra,,Interno,2026-01-07 19:19:07.977+00,2026-01-07,,,,,,,,
3fe7a0f3-ec3d-4b3b-8509-b89e76dddb39,c4af1af6-d35d-4e70-96a3-0d6172dbf701,a7203471-01ed-4899-bfd9-c580d55522b3,fc5c6a1e-f1e2-468a-95fe-3283a39b7334,incoming,17.50,Trumao (Arena),null,,2026-01-07 19:55:29.581+00,2026-01-07,,,Camilo H,,,,,
401c64e1-e689-4b05-b82e-db3b78041537,c4af1af6-d35d-4e70-96a3-0d6172dbf701,51627dc9-3b32-4fb9-9a7b-c443bff18822,fc5c6a1e-f1e2-468a-95fe-3283a39b7334,outgoing,17.00,Tierra,,Interno,2026-01-12 12:40:33.576+00,2026-01-12,,,,,,,,
4027e58c-8565-4d76-bf67-b4c75efb6a4c,c4af1af6-d35d-4e70-96a3-0d6172dbf701,063b0758-ce9b-48b1-ba95-6bc5fc9bdafc,fc5c6a1e-f1e2-468a-95fe-3283a39b7334,outgoing,14.00,Tierra,,Interno,2026-01-17 14:36:42.203+00,2026-01-17,,,,,,,,
44df3143-018a-47cf-a9c7-e2fe85894390,c4af1af6-d35d-4e70-96a3-0d6172dbf701,b6342b66-12c3-4a3c-b2a1-e408fc700348,fc5c6a1e-f1e2-468a-95fe-3283a39b7334,incoming,17.50,Trumao (Arena),null,,2026-01-05 13:50:00+00,2026-01-05,,,Camilo H,,,,,
450488d2-30cd-4836-b34c-4dc028e30827,c4af1af6-d35d-4e70-96a3-0d6172dbf701,a65fd013-4e39-4377-b7cf-70f033977940,fc5c6a1e-f1e2-468a-95fe-3283a39b7334,incoming,17.50,Trumao (Arena),null,,2026-01-05 13:51:00+00,2026-01-05,,,Camilo H,,,,,
4524f874-1f4e-4c90-a0f9-52c942b42ac7,c4af1af6-d35d-4e70-96a3-0d6172dbf701,a7203471-01ed-4899-bfd9-c580d55522b3,fc5c6a1e-f1e2-468a-95fe-3283a39b7334,incoming,17.50,Trumao (Arena),null,,2026-01-05 15:05:00+00,2026-01-05,,,Camilo H,,,,,
4568e310-5330-4a15-95d0-98f495766f18,c4af1af6-d35d-4e70-96a3-0d6172dbf701,43b2b73b-cdaa-4e90-abee-f488a49b6f85,fc5c6a1e-f1e2-468a-95fe-3283a39b7334,incoming,17.50,Trumao (Arena),null,,2026-01-05 19:23:22.679+00,2026-01-05,,,Camilo H,,,,,
458c8146-eb64-4069-87b1-f9f731e24834,c4af1af6-d35d-4e70-96a3-0d6172dbf701,063b0758-ce9b-48b1-ba95-6bc5fc9bdafc,fc5c6a1e-f1e2-468a-95fe-3283a39b7334,outgoing,14.00,Tierra,,Interno,2026-01-07 20:03:13.01+00,2026-01-07,,,,,,,,
4839e340-e806-4343-b940-6d9def08ee14,c4af1af6-d35d-4e70-96a3-0d6172dbf701,51627dc9-3b32-4fb9-9a7b-c443bff18822,fc5c6a1e-f1e2-468a-95fe-3283a39b7334,outgoing,17.00,Tierra,null,Interno,2026-01-06 18:53:44.644+00,2026-01-06,,,,,,,,
48950b44-f566-49cf-b466-87e96ff4efe6,c4af1af6-d35d-4e70-96a3-0d6172dbf701,51627dc9-3b32-4fb9-9a7b-c443bff18822,fc5c6a1e-f1e2-468a-95fe-3283a39b7334,outgoing,17.00,Tierra,null,Interno,2026-01-06 12:15:58.985+00,2026-01-06,,,,,,,,
499d3539-7742-4a7e-bffb-449ad5a8e204,c4af1af6-d35d-4e70-96a3-0d6172dbf701,51627dc9-3b32-4fb9-9a7b-c443bff18822,fc5c6a1e-f1e2-468a-95fe-3283a39b7334,outgoing,17.00,Tierra,null,Interno,2026-01-05 19:55:26.55+00,2026-01-05,,,,,,,,
4a0c23e2-0119-4074-908d-a4667ed13b14,c4af1af6-d35d-4e70-96a3-0d6172dbf701,51627dc9-3b32-4fb9-9a7b-c443bff18822,fc5c6a1e-f1e2-468a-95fe-3283a39b7334,outgoing,17.00,Tierra,,Interno,2026-01-07 19:13:15.371+00,2026-01-07,,,,,,,,
4a424a56-56a1-4005-a629-461182237121,c4af1af6-d35d-4e70-96a3-0d6172dbf701,51627dc9-3b32-4fb9-9a7b-c443bff18822,fc5c6a1e-f1e2-468a-95fe-3283a39b7334,outgoing,17.00,Tierra,,Interno,2026-01-14 14:01:29.586+00,2026-01-14,,,,,,,,
4cabe93f-2311-4dda-99ee-b3f3fd3c9d1e,c4af1af6-d35d-4e70-96a3-0d6172dbf701,b6342b66-12c3-4a3c-b2a1-e408fc700348,fc5c6a1e-f1e2-468a-95fe-3283a39b7334,incoming,17.50,Trumao (Arena),null,,2026-01-08 14:29:09.061+00,2026-01-08,,,Camilo H,,,,,
4dccfee8-24b5-4244-97ad-278c999de8bf,c4af1af6-d35d-4e70-96a3-0d6172dbf701,51627dc9-3b32-4fb9-9a7b-c443bff18822,fc5c6a1e-f1e2-468a-95fe-3283a39b7334,outgoing,17.00,Tierra,,Interno,2026-01-08 11:46:37.473+00,2026-01-08,,,,,,,,
4ee3d314-db1a-471e-b472-eea8dc6f9076,c4af1af6-d35d-4e70-96a3-0d6172dbf701,51627dc9-3b32-4fb9-9a7b-c443bff18822,fc5c6a1e-f1e2-468a-95fe-3283a39b7334,outgoing,17.00,Tierra,null,Interno,2026-01-06 12:50:47.253+00,2026-01-06,,,,,,,,
4fb6dfb4-0b5d-4630-8086-f88148451440,c4af1af6-d35d-4e70-96a3-0d6172dbf701,51627dc9-3b32-4fb9-9a7b-c443bff18822,fc5c6a1e-f1e2-468a-95fe-3283a39b7334,outgoing,17.00,Tierra,null,Interno,2026-01-06 12:27:39.354+00,2026-01-06,,,,,,,,
4fde88d8-51f4-43ae-ae55-4ca974be2d41,c4af1af6-d35d-4e70-96a3-0d6172dbf701,51627dc9-3b32-4fb9-9a7b-c443bff18822,fc5c6a1e-f1e2-468a-95fe-3283a39b7334,outgoing,17.00,Tierra,,Interno,2026-01-17 13:16:24.383+00,2026-01-17,,,,,,,,
50c8e5d5-7749-4d86-bf83-ecb188f16c9b,c4af1af6-d35d-4e70-96a3-0d6172dbf701,b6342b66-12c3-4a3c-b2a1-e408fc700348,fc5c6a1e-f1e2-468a-95fe-3283a39b7334,incoming,17.50,Trumao (Arena),null,,2026-01-06 12:11:24.113+00,2026-01-06,,,Camilo H,,,,,
518b90c8-595f-4a1a-89b5-307408c920d6,c4af1af6-d35d-4e70-96a3-0d6172dbf701,159ccb29-eb03-4d33-86b1-74f56bb9c1fd,fc5c6a1e-f1e2-468a-95fe-3283a39b7334,incoming,17.50,Trumao (Arena),,,2026-01-08 14:41:00+00,2026-01-08,,,Camilo H,,,,,
52cb42b7-e88a-4732-91af-5f5f19ebf938,c4af1af6-d35d-4e70-96a3-0d6172dbf701,063b0758-ce9b-48b1-ba95-6bc5fc9bdafc,fc5c6a1e-f1e2-468a-95fe-3283a39b7334,outgoing,14.00,Tierra,,Interno,2026-01-15 13:34:53.031+00,2026-01-15,,,,,,,,
5431493e-7392-4bb6-b323-59ea86b43243,c4af1af6-d35d-4e70-96a3-0d6172dbf701,51627dc9-3b32-4fb9-9a7b-c443bff18822,fc5c6a1e-f1e2-468a-95fe-3283a39b7334,outgoing,17.00,Tierra,,Interno,2026-01-14 19:33:42.059+00,2026-01-14,,,,,,,,
57067599-95e9-4d59-85bc-b54af3ac085c,c4af1af6-d35d-4e70-96a3-0d6172dbf701,51627dc9-3b32-4fb9-9a7b-c443bff18822,fc5c6a1e-f1e2-468a-95fe-3283a39b7334,outgoing,17.00,Tierra,,Interno,2026-01-12 12:02:06.849+00,2026-01-12,,,,,,,,
577f981d-aab6-4773-8ae2-c8ca028203e6,c4af1af6-d35d-4e70-96a3-0d6172dbf701,43b2b73b-cdaa-4e90-abee-f488a49b6f85,fc5c6a1e-f1e2-468a-95fe-3283a39b7334,incoming,17.50,Trumao (Arena),,,2026-01-12 18:52:00+00,2026-01-12,,,Camilo H,,,,,
585f0501-08df-4999-ab7b-32ab6f548761,c4af1af6-d35d-4e70-96a3-0d6172dbf701,159ccb29-eb03-4d33-86b1-74f56bb9c1fd,fc5c6a1e-f1e2-468a-95fe-3283a39b7334,incoming,17.50,Trumao (Arena),null,,2026-01-09 12:12:22.176+00,2026-01-09,,,Camilo H,,,,,
5a80c92f-5153-4a7f-a2d1-f1353a96faac,c4af1af6-d35d-4e70-96a3-0d6172dbf701,51627dc9-3b32-4fb9-9a7b-c443bff18822,fc5c6a1e-f1e2-468a-95fe-3283a39b7334,outgoing,17.00,Tierra,,Interno,2026-01-12 12:19:38.792+00,2026-01-12,,,,,,,,
5e640bd5-b406-4384-b1e0-6753bf4b0238,c4af1af6-d35d-4e70-96a3-0d6172dbf701,063b0758-ce9b-48b1-ba95-6bc5fc9bdafc,fc5c6a1e-f1e2-468a-95fe-3283a39b7334,outgoing,14.00,Tierra,,Interno,2026-01-07 20:55:04.117+00,2026-01-07,,,,,,,,
5f4a9892-c10c-4eec-a321-d56f3ef0cf7b,c4af1af6-d35d-4e70-96a3-0d6172dbf701,51627dc9-3b32-4fb9-9a7b-c443bff18822,fc5c6a1e-f1e2-468a-95fe-3283a39b7334,outgoing,17.00,Tierra,,Interno,2026-01-07 17:18:31.224+00,2026-01-07,,,,,,,,
60a269fe-44e5-4b28-aaa1-24007a560a4f,c4af1af6-d35d-4e70-96a3-0d6172dbf701,a65fd013-4e39-4377-b7cf-70f033977940,fc5c6a1e-f1e2-468a-95fe-3283a39b7334,incoming,17.50,Trumao (Arena),null,,2026-01-05 19:45:50.276+00,2026-01-05,,,Camilo H,,,,,
61522b9c-9df3-4661-95f1-dbf836d68453,c4af1af6-d35d-4e70-96a3-0d6172dbf701,51627dc9-3b32-4fb9-9a7b-c443bff18822,fc5c6a1e-f1e2-468a-95fe-3283a39b7334,outgoing,17.00,Tierra,,Interno,2026-01-14 20:06:02.541+00,2026-01-14,,,,,,,,
62e194b0-9ddb-4489-938a-109976aab642,c4af1af6-d35d-4e70-96a3-0d6172dbf701,063b0758-ce9b-48b1-ba95-6bc5fc9bdafc,fc5c6a1e-f1e2-468a-95fe-3283a39b7334,outgoing,14.00,Tierra,,Interno,2026-01-07 18:48:08.418+00,2026-01-07,,,,,,,,
63012dda-6e43-4fa0-a343-bd7fa7be375c,c4af1af6-d35d-4e70-96a3-0d6172dbf701,4dab89df-a37e-48f5-afaf-25e7adb7cb48,fc5c6a1e-f1e2-468a-95fe-3283a39b7334,incoming,23.00,Base 50-70% (Grava),null,,2026-01-16 12:58:46.057+00,2026-01-16,,,Áridos Madesal,,,,,
6304d5a6-91ac-4e3a-a76f-f16311873bfb,c4af1af6-d35d-4e70-96a3-0d6172dbf701,51627dc9-3b32-4fb9-9a7b-c443bff18822,fc5c6a1e-f1e2-468a-95fe-3283a39b7334,outgoing,17.00,Tierra,null,Interno,2026-01-06 11:54:44.714+00,2026-01-06,,,,,,,,
6403f2b2-734d-489c-92d5-ab156667ee41,c4af1af6-d35d-4e70-96a3-0d6172dbf701,51627dc9-3b32-4fb9-9a7b-c443bff18822,fc5c6a1e-f1e2-468a-95fe-3283a39b7334,outgoing,17.00,Tierra,,Interno,2026-01-16 19:15:54.354+00,2026-01-16,,,,,,,,
64825aad-26c6-44a0-b6cf-7e119b75cfd7,c4af1af6-d35d-4e70-96a3-0d6172dbf701,063b0758-ce9b-48b1-ba95-6bc5fc9bdafc,fc5c6a1e-f1e2-468a-95fe-3283a39b7334,outgoing,14.00,Tierra,,Interno,2026-01-15 19:07:30.724+00,2026-01-15,,,,,,,,
65226613-6a44-4bbb-8830-07e22e5420e3,c4af1af6-d35d-4e70-96a3-0d6172dbf701,063b0758-ce9b-48b1-ba95-6bc5fc9bdafc,fc5c6a1e-f1e2-468a-95fe-3283a39b7334,outgoing,14.00,Tierra,null,Interno,2026-01-06 12:57:25.161+00,2026-01-06,,,,,,,,
65e08908-7383-401c-a836-16b84c612eaf,c4af1af6-d35d-4e70-96a3-0d6172dbf701,51627dc9-3b32-4fb9-9a7b-c443bff18822,fc5c6a1e-f1e2-468a-95fe-3283a39b7334,outgoing,17.00,Tierra,,Interno,2026-01-08 12:28:00.148+00,2026-01-08,,,,,,,,
67d9788e-cea9-44e3-869a-6d9d07d79f22,c4af1af6-d35d-4e70-96a3-0d6172dbf701,063b0758-ce9b-48b1-ba95-6bc5fc9bdafc,fc5c6a1e-f1e2-468a-95fe-3283a39b7334,outgoing,14.00,Tierra,,Interno,2026-01-12 12:23:47.872+00,2026-01-12,,,,,,,,
6862e097-6538-41b2-8deb-951d263e9950,c4af1af6-d35d-4e70-96a3-0d6172dbf701,ca033e3a-6823-427c-b9f3-17689407cd5d,fc5c6a1e-f1e2-468a-95fe-3283a39b7334,incoming,17.50,Trumao (Arena),null,,2026-01-09 14:59:39.449+00,2026-01-09,,,Camilo H,,,,,
68f1dbd5-f3a2-4ce5-872b-2cbcb0fa9d3a,c4af1af6-d35d-4e70-96a3-0d6172dbf701,51627dc9-3b32-4fb9-9a7b-c443bff18822,fc5c6a1e-f1e2-468a-95fe-3283a39b7334,outgoing,17.00,Tierra,,Interno,2026-01-16 11:45:37.249+00,2026-01-16,,,,,,,,
69885cca-d5d9-4992-ae1d-a3ad16926763,c4af1af6-d35d-4e70-96a3-0d6172dbf701,51627dc9-3b32-4fb9-9a7b-c443bff18822,fc5c6a1e-f1e2-468a-95fe-3283a39b7334,outgoing,17.00,Tierra,,Interno,2026-01-12 12:29:45.071+00,2026-01-12,,,,,,,,
69e2f4b0-af24-4ccb-9d61-618a51cade6b,c4af1af6-d35d-4e70-96a3-0d6172dbf701,51627dc9-3b32-4fb9-9a7b-c443bff18822,fc5c6a1e-f1e2-468a-95fe-3283a39b7334,outgoing,17.00,Tierra,,Interno,2026-01-17 12:29:24.66+00,2026-01-17,,,,,,,,
6b69de30-26b8-41bf-849a-f3ebb6a81b59,c4af1af6-d35d-4e70-96a3-0d6172dbf701,ca033e3a-6823-427c-b9f3-17689407cd5d,fc5c6a1e-f1e2-468a-95fe-3283a39b7334,incoming,17.50,Trumao (Arena),null,,2026-01-09 13:57:51.598+00,2026-01-09,,,Camilo H,,,,,
6ed481ae-21f0-438e-8547-c21a89252572,c4af1af6-d35d-4e70-96a3-0d6172dbf701,51627dc9-3b32-4fb9-9a7b-c443bff18822,fc5c6a1e-f1e2-468a-95fe-3283a39b7334,outgoing,17.00,Tierra,,Interno,2026-01-17 12:12:47.829+00,2026-01-17,,,,,,,,
6f42c1f0-c795-4c0f-b7bc-b4b072ec8027,c4af1af6-d35d-4e70-96a3-0d6172dbf701,ca033e3a-6823-427c-b9f3-17689407cd5d,fc5c6a1e-f1e2-468a-95fe-3283a39b7334,incoming,17.50,Trumao (Arena),null,,2026-01-06 19:13:32.024+00,2026-01-06,,,Camilo H,,,,,
7158b995-cb8e-4e9b-9d99-453afd4031da,c4af1af6-d35d-4e70-96a3-0d6172dbf701,51627dc9-3b32-4fb9-9a7b-c443bff18822,fc5c6a1e-f1e2-468a-95fe-3283a39b7334,outgoing,17.00,Tierra,,Interno,2026-01-07 20:50:28.051+00,2026-01-07,,,,,,,,
72258f14-9cd5-401b-ac0d-193431ca05d6,c4af1af6-d35d-4e70-96a3-0d6172dbf701,51627dc9-3b32-4fb9-9a7b-c443bff18822,fc5c6a1e-f1e2-468a-95fe-3283a39b7334,outgoing,17.00,Tierra,,Interno,2026-01-16 18:28:14.168+00,2026-01-16,,,,,,,,
7249edfb-bafc-444d-80a0-04f73078b38c,c4af1af6-d35d-4e70-96a3-0d6172dbf701,51627dc9-3b32-4fb9-9a7b-c443bff18822,fc5c6a1e-f1e2-468a-95fe-3283a39b7334,outgoing,17.00,Tierra,,Interno,2026-01-16 19:05:35.101+00,2026-01-16,,,,,,,,
740cfe58-e74b-471e-9536-19ec62d14b86,c4af1af6-d35d-4e70-96a3-0d6172dbf701,43b2b73b-cdaa-4e90-abee-f488a49b6f85,fc5c6a1e-f1e2-468a-95fe-3283a39b7334,incoming,17.50,Trumao (Arena),null,,2026-01-08 12:09:52.433+00,2026-01-08,,,Camilo H,,,,,
75ba504f-be4f-4730-a7ed-e31be37d5722,c4af1af6-d35d-4e70-96a3-0d6172dbf701,159ccb29-eb03-4d33-86b1-74f56bb9c1fd,fc5c6a1e-f1e2-468a-95fe-3283a39b7334,incoming,17.50,Trumao (Arena),null,,2026-01-05 13:43:00+00,2026-01-05,,,Camilo H,,,,,
75eac8f1-2329-4de0-ad60-861dbea5208e,c4af1af6-d35d-4e70-96a3-0d6172dbf701,063b0758-ce9b-48b1-ba95-6bc5fc9bdafc,fc5c6a1e-f1e2-468a-95fe-3283a39b7334,outgoing,14.00,Tierra,,Interno,2026-01-07 20:31:51.857+00,2026-01-07,,,,,,,,
76ece08d-615b-44b4-b31b-911f2fd51b9e,c4af1af6-d35d-4e70-96a3-0d6172dbf701,063b0758-ce9b-48b1-ba95-6bc5fc9bdafc,fc5c6a1e-f1e2-468a-95fe-3283a39b7334,outgoing,14.00,Tierra,,Interno,2026-01-07 19:06:13.123+00,2026-01-07,,,,,,,,
7755a0cb-3d74-4e1a-afe2-11e1a66422bc,c4af1af6-d35d-4e70-96a3-0d6172dbf701,159ccb29-eb03-4d33-86b1-74f56bb9c1fd,fc5c6a1e-f1e2-468a-95fe-3283a39b7334,incoming,17.50,Trumao (Arena),null,,2026-01-08 13:29:59.621+00,2026-01-08,,,Camilo H,,,,,
78d2a194-9b1a-4e78-9cc6-8620578eee90,c4af1af6-d35d-4e70-96a3-0d6172dbf701,b6342b66-12c3-4a3c-b2a1-e408fc700348,fc5c6a1e-f1e2-468a-95fe-3283a39b7334,incoming,17.50,Trumao (Arena),null,,2026-01-08 15:27:01.972+00,2026-01-08,,,Camilo H,,,,,
79b7c0be-3267-4aeb-ad85-f31140e778a2,c4af1af6-d35d-4e70-96a3-0d6172dbf701,063b0758-ce9b-48b1-ba95-6bc5fc9bdafc,fc5c6a1e-f1e2-468a-95fe-3283a39b7334,outgoing,14.00,Tierra,,Interno,2026-01-17 12:48:18.138+00,2026-01-17,,,,,,,,
7a147ef8-2f9a-4df2-9c3b-1c7eded559ad,c4af1af6-d35d-4e70-96a3-0d6172dbf701,b6342b66-12c3-4a3c-b2a1-e408fc700348,fc5c6a1e-f1e2-468a-95fe-3283a39b7334,incoming,17.50,Trumao (Arena),null,,2026-01-06 19:24:24.933+00,2026-01-06,,,Camilo H,,,,,
7c601e1d-59e0-4aed-9a54-f87473521335,c4af1af6-d35d-4e70-96a3-0d6172dbf701,063b0758-ce9b-48b1-ba95-6bc5fc9bdafc,fc5c6a1e-f1e2-468a-95fe-3283a39b7334,outgoing,14.00,Tierra,,Interno,2026-01-16 18:22:07.615+00,2026-01-16,,,,,,,,
7d54f632-eb62-4534-9786-a35d47f95224,c4af1af6-d35d-4e70-96a3-0d6172dbf701,51627dc9-3b32-4fb9-9a7b-c443bff18822,fc5c6a1e-f1e2-468a-95fe-3283a39b7334,outgoing,17.00,Tierra,,Interno,2026-01-15 14:32:59.896+00,2026-01-15,,,,,,,,
7edc26ec-30f8-4497-a2bd-07f7ef6c51da,c4af1af6-d35d-4e70-96a3-0d6172dbf701,ca033e3a-6823-427c-b9f3-17689407cd5d,fc5c6a1e-f1e2-468a-95fe-3283a39b7334,incoming,17.50,Trumao (Arena),null,,2026-01-08 14:29:01.16+00,2026-01-08,,,Camilo H,,,,,
7f29bc40-ffea-4be0-a49e-6fba21e1edc3,c4af1af6-d35d-4e70-96a3-0d6172dbf701,063b0758-ce9b-48b1-ba95-6bc5fc9bdafc,fc5c6a1e-f1e2-468a-95fe-3283a39b7334,outgoing,14.00,Tierra,,Interno,2026-01-14 20:44:10.037+00,2026-01-14,,,,,,,,
7f44bc17-c40c-44f9-b266-5c3826bee2c8,c4af1af6-d35d-4e70-96a3-0d6172dbf701,063b0758-ce9b-48b1-ba95-6bc5fc9bdafc,fc5c6a1e-f1e2-468a-95fe-3283a39b7334,outgoing,14.00,Tierra,,Interno,2026-01-15 14:25:35.89+00,2026-01-15,,,,,,,,
7f969d92-0441-4e01-8095-0f7a7e4714b3,c4af1af6-d35d-4e70-96a3-0d6172dbf701,51627dc9-3b32-4fb9-9a7b-c443bff18822,fc5c6a1e-f1e2-468a-95fe-3283a39b7334,outgoing,17.00,Tierra,,Interno,2026-01-13 12:54:40.539+00,2026-01-13,,,,,,,,
7fca90aa-5796-4ebe-adcf-9f0f63cafe61,c4af1af6-d35d-4e70-96a3-0d6172dbf701,a7203471-01ed-4899-bfd9-c580d55522b3,fc5c6a1e-f1e2-468a-95fe-3283a39b7334,incoming,17.50,Trumao (Arena),null,,2026-01-08 15:02:33.587+00,2026-01-08,,,Camilo H,,,,,
816faa44-28c2-41f3-9337-cbcc042c8d43,c4af1af6-d35d-4e70-96a3-0d6172dbf701,063b0758-ce9b-48b1-ba95-6bc5fc9bdafc,fc5c6a1e-f1e2-468a-95fe-3283a39b7334,outgoing,14.00,Tierra,,Interno,2026-01-14 13:55:41.328+00,2026-01-14,,,,,,,,
826be61a-8409-4225-94c0-94ca0581c554,c4af1af6-d35d-4e70-96a3-0d6172dbf701,ca033e3a-6823-427c-b9f3-17689407cd5d,fc5c6a1e-f1e2-468a-95fe-3283a39b7334,incoming,17.50,Trumao (Arena),null,,2026-01-08 13:11:11.436+00,2026-01-08,,,Camilo H,,,,,
82836c8d-a498-4174-87fd-202c9c1b1d3c,c4af1af6-d35d-4e70-96a3-0d6172dbf701,ca033e3a-6823-427c-b9f3-17689407cd5d,fc5c6a1e-f1e2-468a-95fe-3283a39b7334,incoming,17.50,Trumao (Arena),,,2026-01-12 18:31:00+00,2026-01-12,,,Camilo H,,,,,
830b98e7-277d-4d49-8c42-597c1628bc39,c4af1af6-d35d-4e70-96a3-0d6172dbf701,b6342b66-12c3-4a3c-b2a1-e408fc700348,fc5c6a1e-f1e2-468a-95fe-3283a39b7334,incoming,17.50,Trumao (Arena),null,,2026-01-12 12:15:32.17+00,2026-01-12,,,Camilo H,,,,,
831c4f14-4a55-463c-91c1-56c923745192,c4af1af6-d35d-4e70-96a3-0d6172dbf701,063b0758-ce9b-48b1-ba95-6bc5fc9bdafc,fc5c6a1e-f1e2-468a-95fe-3283a39b7334,outgoing,14.00,Tierra,,Interno,2026-01-13 13:11:49.734+00,2026-01-13,,,,,,,,
8358cdd4-89e3-4a5a-be9f-7d8cf29105ac,c4af1af6-d35d-4e70-96a3-0d6172dbf701,159ccb29-eb03-4d33-86b1-74f56bb9c1fd,fc5c6a1e-f1e2-468a-95fe-3283a39b7334,incoming,17.50,Trumao (Arena),null,,2026-01-12 12:12:00.985+00,2026-01-12,,,Camilo H,,,,,
8593c994-3eec-4939-bd54-08e19df5cf3c,e4f64806-140d-453b-8b8e-d51544b8b02a,d2d166c5-b600-4d2d-86b4-053389dd4bfa,4c091cd9-7ea4-4767-9e1f-7ae06f7f225a,outgoing,20.00,Escombro,null,Burdiles,2026-01-13 21:55:58.467+00,2026-01-13,,,,,,,,
8709720f-9adc-45a1-af0b-88e71474126e,c4af1af6-d35d-4e70-96a3-0d6172dbf701,51627dc9-3b32-4fb9-9a7b-c443bff18822,fc5c6a1e-f1e2-468a-95fe-3283a39b7334,outgoing,17.00,Tierra,,Interno,2026-01-08 12:54:37.508+00,2026-01-08,,,,,,,,
89b0f9b0-4c6a-41f4-af32-15866907909c,c4af1af6-d35d-4e70-96a3-0d6172dbf701,51627dc9-3b32-4fb9-9a7b-c443bff18822,fc5c6a1e-f1e2-468a-95fe-3283a39b7334,outgoing,17.00,Tierra,null,Interno,2026-01-06 17:52:44.01+00,2026-01-06,,,,,,,,
8a7a6893-e321-4bb0-8d26-aba57e7a14e3,c4af1af6-d35d-4e70-96a3-0d6172dbf701,159ccb29-eb03-4d33-86b1-74f56bb9c1fd,fc5c6a1e-f1e2-468a-95fe-3283a39b7334,incoming,17.50,Trumao (Arena),,,2026-01-12 14:19:00+00,2026-01-12,,,Camilo H,,,,,
8c2b49e0-711d-4a35-9999-d2f09fff0a3c,c4af1af6-d35d-4e70-96a3-0d6172dbf701,b6342b66-12c3-4a3c-b2a1-e408fc700348,fc5c6a1e-f1e2-468a-95fe-3283a39b7334,incoming,17.50,Trumao (Arena),null,,2026-01-05 18:04:15.026+00,2026-01-05,,,Camilo H,,,,,
8ebb02d8-569a-4d90-bb9c-4dc3646fc12e,c4af1af6-d35d-4e70-96a3-0d6172dbf701,51627dc9-3b32-4fb9-9a7b-c443bff18822,fc5c6a1e-f1e2-468a-95fe-3283a39b7334,outgoing,17.00,Tierra,,Interno,2026-01-07 18:51:48.843+00,2026-01-07,,,,,,,,
8fbfa8a9-05e8-4981-8421-103444051e5e,c4af1af6-d35d-4e70-96a3-0d6172dbf701,063b0758-ce9b-48b1-ba95-6bc5fc9bdafc,fc5c6a1e-f1e2-468a-95fe-3283a39b7334,outgoing,14.00,Barro con grava (Bolones),,Interno,2026-01-15 13:20:36.251+00,2026-01-15,,,,,,,,
8ff32686-0f2a-4210-bb74-48c81a065e4e,c4af1af6-d35d-4e70-96a3-0d6172dbf701,51627dc9-3b32-4fb9-9a7b-c443bff18822,fc5c6a1e-f1e2-468a-95fe-3283a39b7334,outgoing,17.00,Tierra,,Interno,2026-01-14 15:24:13.227+00,2026-01-14,,,,,,,,
90b49085-48ec-4fc5-b456-f2cda08f49e0,c4af1af6-d35d-4e70-96a3-0d6172dbf701,063b0758-ce9b-48b1-ba95-6bc5fc9bdafc,fc5c6a1e-f1e2-468a-95fe-3283a39b7334,outgoing,14.00,Tierra,,Interno,2026-01-08 12:24:03.621+00,2026-01-08,,,,,,,,
92520a27-643c-4989-9b7b-c0faf7a91637,c4af1af6-d35d-4e70-96a3-0d6172dbf701,b6342b66-12c3-4a3c-b2a1-e408fc700348,fc5c6a1e-f1e2-468a-95fe-3283a39b7334,incoming,17.50,Trumao (Arena),,,2026-01-12 19:38:00+00,2026-01-12,,,Camilo H,,,,,
93906f33-b7cb-4f86-9227-eb50feaf1396,c4af1af6-d35d-4e70-96a3-0d6172dbf701,063b0758-ce9b-48b1-ba95-6bc5fc9bdafc,fc5c6a1e-f1e2-468a-95fe-3283a39b7334,outgoing,14.00,Tierra,,Interno,2026-01-08 11:40:08.361+00,2026-01-08,,,,,,,,
93ac708e-24df-4c88-a456-2f99ae57b5ed,c4af1af6-d35d-4e70-96a3-0d6172dbf701,43b2b73b-cdaa-4e90-abee-f488a49b6f85,fc5c6a1e-f1e2-468a-95fe-3283a39b7334,incoming,17.50,Trumao (Arena),null,,2026-01-05 18:04:23.549+00,2026-01-05,,,Camilo H,,,,,
94231e5c-ddca-4bc9-b395-2b77cd0a253b,c4af1af6-d35d-4e70-96a3-0d6172dbf701,ca033e3a-6823-427c-b9f3-17689407cd5d,fc5c6a1e-f1e2-468a-95fe-3283a39b7334,incoming,17.50,Trumao (Arena),null,,2026-01-12 12:11:18.193+00,2026-01-12,,,Camilo H,,,,,
95702c95-babc-4c53-9b48-15d348f403f6,c4af1af6-d35d-4e70-96a3-0d6172dbf701,b6342b66-12c3-4a3c-b2a1-e408fc700348,fc5c6a1e-f1e2-468a-95fe-3283a39b7334,incoming,17.50,Trumao (Arena),null,,2026-01-07 12:44:00.656+00,2026-01-07,,,Camilo H,,,,,
95c854a6-81c7-4772-a2e4-083de3a0e0e2,c4af1af6-d35d-4e70-96a3-0d6172dbf701,51627dc9-3b32-4fb9-9a7b-c443bff18822,fc5c6a1e-f1e2-468a-95fe-3283a39b7334,outgoing,17.00,Tierra,,Interno,2026-01-07 21:03:51.803+00,2026-01-07,,,,,,,,
9662c7ad-d532-467e-9ba7-a894afb66a81,c4af1af6-d35d-4e70-96a3-0d6172dbf701,a7203471-01ed-4899-bfd9-c580d55522b3,fc5c6a1e-f1e2-468a-95fe-3283a39b7334,incoming,17.50,Trumao (Arena),null,,2026-01-07 19:55:29.586+00,2026-01-07,,,Camilo H,,,,,
98fb252b-133b-4f8a-bbe3-d8d866cda986,c4af1af6-d35d-4e70-96a3-0d6172dbf701,51627dc9-3b32-4fb9-9a7b-c443bff18822,fc5c6a1e-f1e2-468a-95fe-3283a39b7334,outgoing,17.00,Tierra,null,Interno,2026-01-05 19:36:24.734+00,2026-01-05,,,,,,,,
99e2706a-683c-4b92-8ce5-d1ee1fc84909,c4af1af6-d35d-4e70-96a3-0d6172dbf701,063b0758-ce9b-48b1-ba95-6bc5fc9bdafc,fc5c6a1e-f1e2-468a-95fe-3283a39b7334,outgoing,14.00,Tierra,null,Interno,2026-01-06 12:42:41.283+00,2026-01-06,,,,,,,,
9a37a91a-cebb-4695-a08c-63022836225a,c4af1af6-d35d-4e70-96a3-0d6172dbf701,063b0758-ce9b-48b1-ba95-6bc5fc9bdafc,fc5c6a1e-f1e2-468a-95fe-3283a39b7334,outgoing,14.00,Tierra,null,Interno,2026-01-06 13:48:35.675+00,2026-01-06,,,,,,,,
9b23a536-1546-4103-ab1d-370969bb3800,c4af1af6-d35d-4e70-96a3-0d6172dbf701,063b0758-ce9b-48b1-ba95-6bc5fc9bdafc,fc5c6a1e-f1e2-468a-95fe-3283a39b7334,outgoing,14.00,Tierra,,Interno,2026-01-13 12:47:54.342+00,2026-01-13,,,,,,,,
9c4b7f97-d053-4893-8ba6-8ee8b404c7ac,c4af1af6-d35d-4e70-96a3-0d6172dbf701,b35a6827-5d05-4333-839d-e8e947c3f999,fc5c6a1e-f1e2-468a-95fe-3283a39b7334,incoming,23.00,Base 50-70% (Grava),,,2026-01-16 12:57:26.433+00,2026-01-16,,,Aridos Madesal,,,,,
9ca36e81-ffd3-4c56-aa36-e6098203df59,c4af1af6-d35d-4e70-96a3-0d6172dbf701,063b0758-ce9b-48b1-ba95-6bc5fc9bdafc,fc5c6a1e-f1e2-468a-95fe-3283a39b7334,outgoing,14.00,Tierra,,Interno,2026-01-17 14:21:03.313+00,2026-01-17,,,,,,,,
9d08b426-caad-40ec-b654-1978e971eb86,c4af1af6-d35d-4e70-96a3-0d6172dbf701,51627dc9-3b32-4fb9-9a7b-c443bff18822,fc5c6a1e-f1e2-468a-95fe-3283a39b7334,outgoing,17.00,Tierra,,Interno,2026-01-08 12:04:54.157+00,2026-01-08,,,,,,,,
9e1c3047-e81e-4829-8db9-e5203587e790,c4af1af6-d35d-4e70-96a3-0d6172dbf701,063b0758-ce9b-48b1-ba95-6bc5fc9bdafc,fc5c6a1e-f1e2-468a-95fe-3283a39b7334,outgoing,14.00,Tierra,,Interno,2026-01-16 18:33:12.848+00,2026-01-16,,,,,,,,
9f4aab89-1092-4c9b-8669-04b23dfbf97e,c4af1af6-d35d-4e70-96a3-0d6172dbf701,b6342b66-12c3-4a3c-b2a1-e408fc700348,fc5c6a1e-f1e2-468a-95fe-3283a39b7334,incoming,17.50,Trumao (Arena),,,2026-01-12 14:20:00+00,2026-01-12,,,Camilo H,,,,,
a065e924-7335-4c44-b1fa-1564f3c99f2a,c4af1af6-d35d-4e70-96a3-0d6172dbf701,51627dc9-3b32-4fb9-9a7b-c443bff18822,fc5c6a1e-f1e2-468a-95fe-3283a39b7334,outgoing,17.00,Tierra,,Interno,2026-01-15 15:06:46.652+00,2026-01-15,,,,,,,,
a47f80b4-8dc6-4b25-8a5d-665cb72e3600,c4af1af6-d35d-4e70-96a3-0d6172dbf701,51627dc9-3b32-4fb9-9a7b-c443bff18822,fc5c6a1e-f1e2-468a-95fe-3283a39b7334,outgoing,17.00,Tierra,null,Interno,2026-01-06 12:38:56.945+00,2026-01-06,,,,,,,,
a5754d69-97da-430a-b71f-a019fbfcc900,c4af1af6-d35d-4e70-96a3-0d6172dbf701,063b0758-ce9b-48b1-ba95-6bc5fc9bdafc,fc5c6a1e-f1e2-468a-95fe-3283a39b7334,outgoing,14.00,Tierra,,Interno,2026-01-08 11:25:35.025+00,2026-01-08,,,,,,,,
a5e249cd-562a-455d-9b90-d3d79df78faa,c4af1af6-d35d-4e70-96a3-0d6172dbf701,51627dc9-3b32-4fb9-9a7b-c443bff18822,fc5c6a1e-f1e2-468a-95fe-3283a39b7334,outgoing,17.00,Tierra,,Interno,2026-01-07 20:37:59.088+00,2026-01-07,,,,,,,,
a721af36-c33d-449b-9dbc-52798418b314,c4af1af6-d35d-4e70-96a3-0d6172dbf701,a7203471-01ed-4899-bfd9-c580d55522b3,fc5c6a1e-f1e2-468a-95fe-3283a39b7334,incoming,17.50,Trumao (Arena),null,,2026-01-05 18:25:14.034+00,2026-01-05,,,Camilo H,,,,,
a8b078e3-2e5f-4a4c-b8b4-3aae4a2c3bd7,c4af1af6-d35d-4e70-96a3-0d6172dbf701,51627dc9-3b32-4fb9-9a7b-c443bff18822,fc5c6a1e-f1e2-468a-95fe-3283a39b7334,outgoing,17.00,Tierra,,Interno,2026-01-07 19:01:46.344+00,2026-01-07,,,,,,,,
a9072dcc-955d-4998-9bcd-e47a53366ec3,c4af1af6-d35d-4e70-96a3-0d6172dbf701,51627dc9-3b32-4fb9-9a7b-c443bff18822,fc5c6a1e-f1e2-468a-95fe-3283a39b7334,outgoing,17.00,Tierra,null,Interno,2026-01-05 20:17:06.831+00,2026-01-05,,,,,,,,
aa009ded-11a9-4015-9f6d-26bb3373452b,c4af1af6-d35d-4e70-96a3-0d6172dbf701,063b0758-ce9b-48b1-ba95-6bc5fc9bdafc,fc5c6a1e-f1e2-468a-95fe-3283a39b7334,outgoing,14.00,Tierra,,Interno,2026-01-14 20:28:43.604+00,2026-01-14,,,,,,,,
abcbf4c7-0785-47e5-a1b0-b8a19cb286c8,c4af1af6-d35d-4e70-96a3-0d6172dbf701,063b0758-ce9b-48b1-ba95-6bc5fc9bdafc,fc5c6a1e-f1e2-468a-95fe-3283a39b7334,outgoing,14.00,Tierra,,Interno,2026-01-13 15:13:50.136+00,2026-01-13,,,,,,,,
abfbdfaa-d2cf-484b-8c74-cf61de56f2be,c4af1af6-d35d-4e70-96a3-0d6172dbf701,a7203471-01ed-4899-bfd9-c580d55522b3,fc5c6a1e-f1e2-468a-95fe-3283a39b7334,incoming,17.50,Trumao (Arena),null,,2026-01-05 13:35:00+00,2026-01-05,,,Camilo H,,,,,
ac244cf3-b894-4f25-bd35-2825905b928b,c4af1af6-d35d-4e70-96a3-0d6172dbf701,51627dc9-3b32-4fb9-9a7b-c443bff18822,fc5c6a1e-f1e2-468a-95fe-3283a39b7334,outgoing,17.00,Tierra,null,Interno,2026-01-05 19:42:27.181+00,2026-01-05,,,,,,,,
acc4cea4-513c-4a99-b341-7af65928214f,c4af1af6-d35d-4e70-96a3-0d6172dbf701,43b2b73b-cdaa-4e90-abee-f488a49b6f85,fc5c6a1e-f1e2-468a-95fe-3283a39b7334,incoming,17.50,Trumao (Arena),null,,2026-01-06 12:42:55.548+00,2026-01-06,,,Camilo H,,,,,
af4fd832-5724-4a9a-8208-dec13777dbb9,c4af1af6-d35d-4e70-96a3-0d6172dbf701,51627dc9-3b32-4fb9-9a7b-c443bff18822,fc5c6a1e-f1e2-468a-95fe-3283a39b7334,outgoing,17.00,Tierra,null,Interno,2026-01-06 18:34:41.949+00,2026-01-06,,,,,,,,
b0c6e958-dc88-4b3e-8c85-90b971c97115,c4af1af6-d35d-4e70-96a3-0d6172dbf701,159ccb29-eb03-4d33-86b1-74f56bb9c1fd,fc5c6a1e-f1e2-468a-95fe-3283a39b7334,incoming,17.50,Trumao (Arena),null,,2026-01-08 15:42:20.083+00,2026-01-08,,,Camilo H,,,,,
b2998c88-1c30-42a5-8538-15a121b0c6df,c4af1af6-d35d-4e70-96a3-0d6172dbf701,51627dc9-3b32-4fb9-9a7b-c443bff18822,fc5c6a1e-f1e2-468a-95fe-3283a39b7334,outgoing,17.00,Tierra,,Interno,2026-01-08 12:15:38.037+00,2026-01-08,,,,,,,,
b2ffdb04-6506-4738-991d-77ce097a789b,c4af1af6-d35d-4e70-96a3-0d6172dbf701,ca033e3a-6823-427c-b9f3-17689407cd5d,fc5c6a1e-f1e2-468a-95fe-3283a39b7334,incoming,17.50,Trumao (Arena),null,,2026-01-08 12:09:33.575+00,2026-01-08,,,Camilo H,,,,,
b3b72104-f3b7-4c89-aa11-1249f4ec592b,c4af1af6-d35d-4e70-96a3-0d6172dbf701,063b0758-ce9b-48b1-ba95-6bc5fc9bdafc,fc5c6a1e-f1e2-468a-95fe-3283a39b7334,outgoing,14.00,Tierra,,Interno,2026-01-08 12:58:53.227+00,2026-01-08,,,,,,,,
b48afd90-5697-4183-8f1e-b7fbbeef6a15,c4af1af6-d35d-4e70-96a3-0d6172dbf701,063b0758-ce9b-48b1-ba95-6bc5fc9bdafc,fc5c6a1e-f1e2-468a-95fe-3283a39b7334,outgoing,14.00,Tierra,,Interno,2026-01-12 13:37:15.593+00,2026-01-12,,,,,,,,
b872fee3-daa6-4bae-a873-52646edf133c,c4af1af6-d35d-4e70-96a3-0d6172dbf701,159ccb29-eb03-4d33-86b1-74f56bb9c1fd,fc5c6a1e-f1e2-468a-95fe-3283a39b7334,incoming,17.50,Trumao (Arena),null,,2026-01-08 12:09:43.744+00,2026-01-08,,,Camilo H,,,,,
b8bb6b6d-9e3a-4963-bfa0-16d6aaf47373,c4af1af6-d35d-4e70-96a3-0d6172dbf701,063b0758-ce9b-48b1-ba95-6bc5fc9bdafc,fc5c6a1e-f1e2-468a-95fe-3283a39b7334,outgoing,14.00,Tierra,,Interno,2026-01-08 12:41:58.669+00,2026-01-08,,,,,,,,
b93fa329-6973-4e1f-8b06-4019bbb267ab,c4af1af6-d35d-4e70-96a3-0d6172dbf701,b6342b66-12c3-4a3c-b2a1-e408fc700348,fc5c6a1e-f1e2-468a-95fe-3283a39b7334,incoming,17.50,Trumao (Arena),null,,2026-01-09 13:55:31.218+00,2026-01-09,,,Camilo H,,,,,
b964455f-a5cc-4b1a-ad66-943ad8e6ca51,e4f64806-140d-453b-8b8e-d51544b8b02a,d51649fd-daaa-4195-943d-c2f79d824e44,4c091cd9-7ea4-4767-9e1f-7ae06f7f225a,outgoing,22.00,maicillo,null,Burdiles,2026-01-13 21:56:29.438+00,2026-01-13,,,,,,,,
b966298a-2a46-4bb5-b94f-b83c8d348177,c4af1af6-d35d-4e70-96a3-0d6172dbf701,063b0758-ce9b-48b1-ba95-6bc5fc9bdafc,fc5c6a1e-f1e2-468a-95fe-3283a39b7334,outgoing,14.00,Tierra,,Interno,2026-01-12 12:49:11.395+00,2026-01-12,,,,,,,,
bb3d2f8b-d7d4-4f4d-b487-3979b237a255,c4af1af6-d35d-4e70-96a3-0d6172dbf701,063b0758-ce9b-48b1-ba95-6bc5fc9bdafc,fc5c6a1e-f1e2-468a-95fe-3283a39b7334,outgoing,14.00,Tierra,,Interno,2026-01-07 19:30:58.689+00,2026-01-07,,,,,,,,
bbcad9cd-8098-4f6d-a11b-c5e64e3f85ef,c4af1af6-d35d-4e70-96a3-0d6172dbf701,063b0758-ce9b-48b1-ba95-6bc5fc9bdafc,fc5c6a1e-f1e2-468a-95fe-3283a39b7334,outgoing,14.00,Tierra,,Interno,2026-01-07 17:11:42.733+00,2026-01-07,,,,,,,,
bcf2b10b-3fbb-46ec-81d1-6694219f29ad,c4af1af6-d35d-4e70-96a3-0d6172dbf701,159ccb29-eb03-4d33-86b1-74f56bb9c1fd,fc5c6a1e-f1e2-468a-95fe-3283a39b7334,incoming,17.50,Trumao (Arena),null,,2026-01-05 19:09:12.065+00,2026-01-05,,,Camilo H,,,,,
bf3eced6-796e-493f-9a33-355240a9f72a,c4af1af6-d35d-4e70-96a3-0d6172dbf701,063b0758-ce9b-48b1-ba95-6bc5fc9bdafc,fc5c6a1e-f1e2-468a-95fe-3283a39b7334,outgoing,14.00,Tierra,,Interno,2026-01-12 12:11:42.747+00,2026-01-12,,,,,,,,
bf5e125f-16cd-4f6f-9918-168ee4935c23,c4af1af6-d35d-4e70-96a3-0d6172dbf701,063b0758-ce9b-48b1-ba95-6bc5fc9bdafc,fc5c6a1e-f1e2-468a-95fe-3283a39b7334,outgoing,14.00,Tierra,,Interno,2026-01-07 18:55:09.809+00,2026-01-07,,,,,,,,
c0be2898-60fb-4ce6-8bf4-87b5bb9f409d,c4af1af6-d35d-4e70-96a3-0d6172dbf701,159ccb29-eb03-4d33-86b1-74f56bb9c1fd,fc5c6a1e-f1e2-468a-95fe-3283a39b7334,incoming,17.50,Trumao (Arena),null,,2026-01-05 17:59:21.782+00,2026-01-05,,,Camilo H,,,,,
c18300fe-fab0-4c2d-b3fa-8db3506e9887,c4af1af6-d35d-4e70-96a3-0d6172dbf701,51627dc9-3b32-4fb9-9a7b-c443bff18822,fc5c6a1e-f1e2-468a-95fe-3283a39b7334,outgoing,17.00,Tierra,,Interno,2026-01-15 13:42:07.313+00,2026-01-15,,,,,,,,
c1c8f31b-83b3-4655-a1ca-49fd6cee9e17,c4af1af6-d35d-4e70-96a3-0d6172dbf701,51627dc9-3b32-4fb9-9a7b-c443bff18822,fc5c6a1e-f1e2-468a-95fe-3283a39b7334,outgoing,17.00,Tierra,,Interno,2026-01-05 18:08:46.873+00,2026-01-05,,,,,,,,
c231b920-91a0-459d-a156-005f89b9f553,e4f64806-140d-453b-8b8e-d51544b8b02a,d2d166c5-b600-4d2d-86b4-053389dd4bfa,4c091cd9-7ea4-4767-9e1f-7ae06f7f225a,outgoing,20.00,Tierra (Arcilla),null,Burdiles,2026-01-13 20:26:44.325+00,2026-01-13,,,,,,,,
c246cd18-1316-4e72-ba07-5c4799c9b978,c4af1af6-d35d-4e70-96a3-0d6172dbf701,43b2b73b-cdaa-4e90-abee-f488a49b6f85,fc5c6a1e-f1e2-468a-95fe-3283a39b7334,incoming,17.50,Trumao (Arena),null,,2026-01-08 14:52:00.37+00,2026-01-08,,,Camilo H,,,,,
c33ac6c6-8091-43d0-91ec-f9dc820b8dba,c4af1af6-d35d-4e70-96a3-0d6172dbf701,b6342b66-12c3-4a3c-b2a1-e408fc700348,fc5c6a1e-f1e2-468a-95fe-3283a39b7334,incoming,17.50,Trumao (Arena),,,2026-01-12 18:36:00+00,2026-01-12,,,Camilo H,,,,,
c3fefc11-0853-4dc2-a74e-446e6d70bbf9,c4af1af6-d35d-4e70-96a3-0d6172dbf701,51627dc9-3b32-4fb9-9a7b-c443bff18822,fc5c6a1e-f1e2-468a-95fe-3283a39b7334,outgoing,17.00,Tierra,null,Interno,2026-01-06 20:36:42.125+00,2026-01-06,,,,,,,,
c4235351-c050-46da-aceb-fb5410df5c08,c4af1af6-d35d-4e70-96a3-0d6172dbf701,063b0758-ce9b-48b1-ba95-6bc5fc9bdafc,fc5c6a1e-f1e2-468a-95fe-3283a39b7334,outgoing,14.00,Tierra,,Interno,2026-01-16 19:10:44.317+00,2026-01-16,,,,,,,,
c4c247c0-6dfd-4308-99f5-4806634b9ad9,c4af1af6-d35d-4e70-96a3-0d6172dbf701,51627dc9-3b32-4fb9-9a7b-c443bff18822,fc5c6a1e-f1e2-468a-95fe-3283a39b7334,outgoing,17.00,Tierra,null,Interno,2026-01-06 11:47:35.376+00,2026-01-06,,,,,,,,
c6546bea-4603-4ec8-b978-53fff687e21f,c4af1af6-d35d-4e70-96a3-0d6172dbf701,51627dc9-3b32-4fb9-9a7b-c443bff18822,fc5c6a1e-f1e2-468a-95fe-3283a39b7334,outgoing,17.00,Tierra,null,Interno,2026-01-06 19:04:28.059+00,2026-01-06,,,,,,,,
c6af38e2-5489-4552-ab41-47767a7f9c74,c4af1af6-d35d-4e70-96a3-0d6172dbf701,063b0758-ce9b-48b1-ba95-6bc5fc9bdafc,fc5c6a1e-f1e2-468a-95fe-3283a39b7334,outgoing,14.00,Tierra,,Interno,2026-01-17 12:06:17.839+00,2026-01-17,,,,,,,,
c6b0b1d4-9a27-4bc9-a7aa-350c0051a04e,c4af1af6-d35d-4e70-96a3-0d6172dbf701,063b0758-ce9b-48b1-ba95-6bc5fc9bdafc,fc5c6a1e-f1e2-468a-95fe-3283a39b7334,outgoing,14.00,Tierra,,Interno,2026-01-07 19:57:34.699+00,2026-01-07,,,,,,,,
c751f5f9-d410-4f05-98b9-e17f49d3587a,c4af1af6-d35d-4e70-96a3-0d6172dbf701,063b0758-ce9b-48b1-ba95-6bc5fc9bdafc,fc5c6a1e-f1e2-468a-95fe-3283a39b7334,outgoing,14.00,Tierra,,Interno,2026-01-07 20:19:55.455+00,2026-01-07,,,,,,,,
cd220bbc-4e89-4122-8f3a-b5b3e5fde213,c4af1af6-d35d-4e70-96a3-0d6172dbf701,063b0758-ce9b-48b1-ba95-6bc5fc9bdafc,fc5c6a1e-f1e2-468a-95fe-3283a39b7334,outgoing,14.00,Tierra,,Interno,2026-01-15 15:13:03.361+00,2026-01-15,,,,,,,,
cdeda6e1-af7f-4fce-8b62-480baa68956e,c4af1af6-d35d-4e70-96a3-0d6172dbf701,51627dc9-3b32-4fb9-9a7b-c443bff18822,fc5c6a1e-f1e2-468a-95fe-3283a39b7334,outgoing,17.00,Tierra,null,Interno,2026-01-06 12:04:32.903+00,2026-01-06,,,,,,,,
ceb5aca4-feaf-4dcd-b839-c0d561a94fd1,c4af1af6-d35d-4e70-96a3-0d6172dbf701,43b2b73b-cdaa-4e90-abee-f488a49b6f85,fc5c6a1e-f1e2-468a-95fe-3283a39b7334,incoming,17.50,Trumao (Arena),null,,2026-01-05 13:49:00+00,2026-01-05,,,Camilo H,,,,,
d03532d9-5c84-45a3-b4aa-9de28298b8a8,c4af1af6-d35d-4e70-96a3-0d6172dbf701,ca033e3a-6823-427c-b9f3-17689407cd5d,fc5c6a1e-f1e2-468a-95fe-3283a39b7334,incoming,17.50,Trumao (Arena),null,,2026-01-06 17:22:34.347+00,2026-01-06,,,Camilo H,,,,,
d20e4648-5903-42d3-b61a-fb516288cb96,c4af1af6-d35d-4e70-96a3-0d6172dbf701,063b0758-ce9b-48b1-ba95-6bc5fc9bdafc,fc5c6a1e-f1e2-468a-95fe-3283a39b7334,outgoing,14.00,Tierra,,Interno,2026-01-12 12:37:40.181+00,2026-01-12,,,,,,,,
d21c8c62-e062-405d-8444-48fedc047b50,c4af1af6-d35d-4e70-96a3-0d6172dbf701,a7203471-01ed-4899-bfd9-c580d55522b3,fc5c6a1e-f1e2-468a-95fe-3283a39b7334,incoming,17.50,Trumao (Arena),null,,2026-01-07 12:14:28.221+00,2026-01-07,,,Camilo H,,,,,
d3103611-bf0d-45d4-90c3-8fba9c25e521,c4af1af6-d35d-4e70-96a3-0d6172dbf701,ca033e3a-6823-427c-b9f3-17689407cd5d,fc5c6a1e-f1e2-468a-95fe-3283a39b7334,incoming,17.50,Trumao (Arena),null,,2026-01-09 17:29:54.122+00,2026-01-09,,,Camilo H,,,,,
d35e33af-921f-4cb1-826b-1a76d6d23248,c4af1af6-d35d-4e70-96a3-0d6172dbf701,063b0758-ce9b-48b1-ba95-6bc5fc9bdafc,fc5c6a1e-f1e2-468a-95fe-3283a39b7334,outgoing,14.00,Tierra,,Interno,2026-01-15 14:38:00.05+00,2026-01-15,,,,,,,,
d3b6b2ab-926b-499d-8d56-2340776c1e90,c4af1af6-d35d-4e70-96a3-0d6172dbf701,ca033e3a-6823-427c-b9f3-17689407cd5d,fc5c6a1e-f1e2-468a-95fe-3283a39b7334,incoming,17.50,Trumao (Arena),,,2026-01-12 19:41:00+00,2026-01-12,,,Camilo H,,,,,
d63ffadb-7bda-4a86-8fc4-73ff8bee62ad,c4af1af6-d35d-4e70-96a3-0d6172dbf701,a7203471-01ed-4899-bfd9-c580d55522b3,fc5c6a1e-f1e2-468a-95fe-3283a39b7334,incoming,17.50,Trumao (Arena),null,,2026-01-06 17:18:20.081+00,2026-01-06,,,Camilo H,,,,,
d693c813-31a5-4d42-9339-caecbce18fd7,c4af1af6-d35d-4e70-96a3-0d6172dbf701,b6342b66-12c3-4a3c-b2a1-e408fc700348,fc5c6a1e-f1e2-468a-95fe-3283a39b7334,incoming,17.50,Trumao (Arena),null,,2026-01-09 12:19:21.807+00,2026-01-09,,,Camilo H,,,,,
d6acd918-154c-4521-90a7-fb47a30bd1fc,c4af1af6-d35d-4e70-96a3-0d6172dbf701,063b0758-ce9b-48b1-ba95-6bc5fc9bdafc,fc5c6a1e-f1e2-468a-95fe-3283a39b7334,outgoing,14.00,Tierra,null,Interno,2026-01-06 20:42:08.199+00,2026-01-06,,,,,,,,
d70c7e1d-50de-4388-986a-93798c5c017d,c4af1af6-d35d-4e70-96a3-0d6172dbf701,51627dc9-3b32-4fb9-9a7b-c443bff18822,fc5c6a1e-f1e2-468a-95fe-3283a39b7334,outgoing,17.00,Tierra,,Interno,2026-01-14 14:37:10.74+00,2026-01-14,,,,,,,,
d7294884-dc92-49bb-a5ae-3c79a545a543,c4af1af6-d35d-4e70-96a3-0d6172dbf701,51627dc9-3b32-4fb9-9a7b-c443bff18822,fc5c6a1e-f1e2-468a-95fe-3283a39b7334,outgoing,17.00,Tierra,,Interno,2026-01-16 18:41:17.413+00,2026-01-16,,,,,,,,
d886024f-fd4c-49a1-899e-f5222c5c1c37,c4af1af6-d35d-4e70-96a3-0d6172dbf701,51627dc9-3b32-4fb9-9a7b-c443bff18822,fc5c6a1e-f1e2-468a-95fe-3283a39b7334,outgoing,17.00,Tierra,,Interno,2026-01-07 19:26:00.426+00,2026-01-07,,,,,,,,
d8cc22bb-ebbb-4f7e-bf6d-e5a185f420a9,c4af1af6-d35d-4e70-96a3-0d6172dbf701,43b2b73b-cdaa-4e90-abee-f488a49b6f85,fc5c6a1e-f1e2-468a-95fe-3283a39b7334,incoming,17.50,Trumao (Arena),null,,2026-01-08 13:38:00.048+00,2026-01-08,,,Camilo H,,,,,
d96a07fb-6a12-443c-af28-6b21512fd7d8,c4af1af6-d35d-4e70-96a3-0d6172dbf701,159ccb29-eb03-4d33-86b1-74f56bb9c1fd,fc5c6a1e-f1e2-468a-95fe-3283a39b7334,incoming,17.50,Trumao (Arena),null,,2026-01-06 19:24:15.388+00,2026-01-06,,,Camilo H,,,,,
da4a40d7-159b-4b04-8a20-4ee2994446fd,c4af1af6-d35d-4e70-96a3-0d6172dbf701,a7203471-01ed-4899-bfd9-c580d55522b3,fc5c6a1e-f1e2-468a-95fe-3283a39b7334,incoming,17.50,Trumao (Arena),null,,2026-01-09 14:46:49.338+00,2026-01-09,,,Camilo H,,,,,
db3a2dd2-3fab-466c-be4f-db45d477e5c3,c4af1af6-d35d-4e70-96a3-0d6172dbf701,ca033e3a-6823-427c-b9f3-17689407cd5d,fc5c6a1e-f1e2-468a-95fe-3283a39b7334,incoming,17.50,Trumao (Arena),null,,2026-01-07 12:08:15.106+00,2026-01-07,,,Camilo H,,,,,
db9ef212-c4f8-4933-b77f-9a432340cacf,c4af1af6-d35d-4e70-96a3-0d6172dbf701,063b0758-ce9b-48b1-ba95-6bc5fc9bdafc,fc5c6a1e-f1e2-468a-95fe-3283a39b7334,outgoing,14.00,Trumado (Arena),,Interno,2026-01-14 15:42:00+00,2026-01-14,,,,,,,,
dc6cb14a-f5f6-4bb5-9fa4-189846b5b233,c4af1af6-d35d-4e70-96a3-0d6172dbf701,063b0758-ce9b-48b1-ba95-6bc5fc9bdafc,fc5c6a1e-f1e2-468a-95fe-3283a39b7334,outgoing,14.00,Tierra,,Interno,2026-01-17 12:25:05.718+00,2026-01-17,,,,,,,,
ddd63a0d-a54c-4976-aaff-bb2a278e44df,c4af1af6-d35d-4e70-96a3-0d6172dbf701,159ccb29-eb03-4d33-86b1-74f56bb9c1fd,fc5c6a1e-f1e2-468a-95fe-3283a39b7334,incoming,17.50,Trumao (Arena),,,2026-01-12 19:52:00+00,2026-01-12,,,Camilo H,,,,,
de2a2be2-4631-4908-8613-faaa5c823366,c4af1af6-d35d-4e70-96a3-0d6172dbf701,063b0758-ce9b-48b1-ba95-6bc5fc9bdafc,fc5c6a1e-f1e2-468a-95fe-3283a39b7334,outgoing,14.00,Tierra,,Interno,2026-01-15 13:56:07.946+00,2026-01-15,,,,,,,,
df39ed8a-563f-4de1-b230-8d95a143d479,c4af1af6-d35d-4e70-96a3-0d6172dbf701,063b0758-ce9b-48b1-ba95-6bc5fc9bdafc,fc5c6a1e-f1e2-468a-95fe-3283a39b7334,outgoing,14.00,Tierra,,Interno,2026-01-16 19:25:10.009+00,2026-01-16,,,,,,,,
df5549c9-2c1b-463f-a53e-b8aeadbd92a5,c4af1af6-d35d-4e70-96a3-0d6172dbf701,51627dc9-3b32-4fb9-9a7b-c443bff18822,fc5c6a1e-f1e2-468a-95fe-3283a39b7334,outgoing,17.00,Tierra,,Interno,2026-01-16 18:51:10.936+00,2026-01-16,,,,,,,,
e042365c-de4e-448a-a6c5-38c6f35b4994,c4af1af6-d35d-4e70-96a3-0d6172dbf701,b6342b66-12c3-4a3c-b2a1-e408fc700348,fc5c6a1e-f1e2-468a-95fe-3283a39b7334,incoming,17.50,Trumao (Arena),null,,2026-01-05 15:08:00+00,2026-01-05,,,Camilo H,,,,,
e0840556-dcaf-4d4c-83b8-ceb201d01d70,c4af1af6-d35d-4e70-96a3-0d6172dbf701,063b0758-ce9b-48b1-ba95-6bc5fc9bdafc,fc5c6a1e-f1e2-468a-95fe-3283a39b7334,outgoing,14.00,Tierra,,Interno,2026-01-16 18:59:06.834+00,2026-01-16,,,,,,,,
e091f304-1477-4f12-bf02-7c3c48662188,c4af1af6-d35d-4e70-96a3-0d6172dbf701,159ccb29-eb03-4d33-86b1-74f56bb9c1fd,fc5c6a1e-f1e2-468a-95fe-3283a39b7334,incoming,17.50,Trumao (Arena),,,2026-01-09 13:24:00+00,2026-01-09,,,Camilo H,,,,,
e129971a-f3e5-4d19-8541-93e67c204d9e,c4af1af6-d35d-4e70-96a3-0d6172dbf701,43b2b73b-cdaa-4e90-abee-f488a49b6f85,fc5c6a1e-f1e2-468a-95fe-3283a39b7334,incoming,17.50,Trumao (Arena),null,,2026-01-05 15:10:00+00,2026-01-05,,,Camilo H,,,,,
e1511817-abaf-4d65-9f6d-81b338c57120,c4af1af6-d35d-4e70-96a3-0d6172dbf701,159ccb29-eb03-4d33-86b1-74f56bb9c1fd,fc5c6a1e-f1e2-468a-95fe-3283a39b7334,incoming,17.50,Trumao (Arena),,,2026-01-12 18:52:00+00,2026-01-12,,,Camilo H,,,,,
e1cafd84-ebf5-47cb-afd1-6922d5627236,c4af1af6-d35d-4e70-96a3-0d6172dbf701,063b0758-ce9b-48b1-ba95-6bc5fc9bdafc,fc5c6a1e-f1e2-468a-95fe-3283a39b7334,outgoing,14.00,Tierra,,Interno,2026-01-08 12:10:14.118+00,2026-01-08,,,,,,,,
e1ee9857-0648-4341-816f-b5091d572097,c4af1af6-d35d-4e70-96a3-0d6172dbf701,159ccb29-eb03-4d33-86b1-74f56bb9c1fd,fc5c6a1e-f1e2-468a-95fe-3283a39b7334,incoming,17.50,Trumao (Arena),null,,2026-01-05 15:04:00+00,2026-01-05,,,Camilo H,,,,,
e2c2f4a7-fb20-4af2-83dc-be2d45b0fe95,c4af1af6-d35d-4e70-96a3-0d6172dbf701,43b2b73b-cdaa-4e90-abee-f488a49b6f85,fc5c6a1e-f1e2-468a-95fe-3283a39b7334,incoming,17.50,Trumao (Arena),null,,2026-01-12 12:11:33.492+00,2026-01-12,,,Camilo H,,,,,
e4c42c11-2229-4932-83d6-3ecbaea2efb3,c4af1af6-d35d-4e70-96a3-0d6172dbf701,b6342b66-12c3-4a3c-b2a1-e408fc700348,fc5c6a1e-f1e2-468a-95fe-3283a39b7334,incoming,17.50,Trumao (Arena),null,,2026-01-07 17:21:22.731+00,2026-01-07,,,Camilo H,,,,,
e64486a1-b1be-4b24-924c-24dcec54e07b,c4af1af6-d35d-4e70-96a3-0d6172dbf701,063b0758-ce9b-48b1-ba95-6bc5fc9bdafc,fc5c6a1e-f1e2-468a-95fe-3283a39b7334,outgoing,14.00,Tierra,,Interno,2026-01-14 19:21:43.569+00,2026-01-14,,,,,,,,
e6636985-76fc-4f5a-9f1b-546ef20a2c20,c4af1af6-d35d-4e70-96a3-0d6172dbf701,51627dc9-3b32-4fb9-9a7b-c443bff18822,fc5c6a1e-f1e2-468a-95fe-3283a39b7334,outgoing,17.00,Tierra,,Interno,2026-01-14 13:49:13.995+00,2026-01-14,,,,,,,,
e66c26c5-dca2-45e0-b778-6c5c4d9cb0f4,c4af1af6-d35d-4e70-96a3-0d6172dbf701,51627dc9-3b32-4fb9-9a7b-c443bff18822,fc5c6a1e-f1e2-468a-95fe-3283a39b7334,outgoing,17.00,Tierra,null,Interno,2026-01-05 20:22:58.357+00,2026-01-05,,,,,,,,
e7d5e06f-5644-46f7-bbee-aae7cd445e56,c4af1af6-d35d-4e70-96a3-0d6172dbf701,063b0758-ce9b-48b1-ba95-6bc5fc9bdafc,fc5c6a1e-f1e2-468a-95fe-3283a39b7334,outgoing,14.00,Tierra,,Interno,2026-01-07 20:44:13.13+00,2026-01-07,,,,,,,,
e873399f-546f-4ffc-8384-a3c8e3959f85,c4af1af6-d35d-4e70-96a3-0d6172dbf701,a7203471-01ed-4899-bfd9-c580d55522b3,fc5c6a1e-f1e2-468a-95fe-3283a39b7334,incoming,17.50,Trumao (Arena),null,,2026-01-05 19:30:51.549+00,2026-01-05,,,Camilo H,,,,,
e965e42f-57ab-4c33-9d8a-87d54f5bfb92,c4af1af6-d35d-4e70-96a3-0d6172dbf701,51627dc9-3b32-4fb9-9a7b-c443bff18822,fc5c6a1e-f1e2-468a-95fe-3283a39b7334,outgoing,17.00,Tierra,,Interno,2026-01-13 13:11:54.015+00,2026-01-13,,,,,,,,
e9a1840d-7a49-4600-8e2c-ef332a872e8e,c4af1af6-d35d-4e70-96a3-0d6172dbf701,063b0758-ce9b-48b1-ba95-6bc5fc9bdafc,fc5c6a1e-f1e2-468a-95fe-3283a39b7334,outgoing,14.00,Tierra,,Interno,2026-01-15 19:00:41.133+00,2026-01-15,,,,,,,,
eacaed72-6096-4439-a668-cf2c957a6c51,c4af1af6-d35d-4e70-96a3-0d6172dbf701,51627dc9-3b32-4fb9-9a7b-c443bff18822,fc5c6a1e-f1e2-468a-95fe-3283a39b7334,outgoing,17.00,Tierra,null,Interno,2026-01-05 19:49:23.324+00,2026-01-05,,,,,,,,
ec769667-8012-407a-9f09-02388a619e53,c4af1af6-d35d-4e70-96a3-0d6172dbf701,51627dc9-3b32-4fb9-9a7b-c443bff18822,fc5c6a1e-f1e2-468a-95fe-3283a39b7334,outgoing,17.00,Tierra,,Interno,2026-01-07 19:37:45.763+00,2026-01-07,,,,,,,,
eeb49785-70f4-4f70-bf61-e55c05a2bff4,c4af1af6-d35d-4e70-96a3-0d6172dbf701,51627dc9-3b32-4fb9-9a7b-c443bff18822,fc5c6a1e-f1e2-468a-95fe-3283a39b7334,outgoing,17.00,Tierra,,Interno,2026-01-14 20:44:00.315+00,2026-01-14,,,,,,,,
eeb674ec-18b9-4859-aeee-73acd7997eee,c4af1af6-d35d-4e70-96a3-0d6172dbf701,b6342b66-12c3-4a3c-b2a1-e408fc700348,fc5c6a1e-f1e2-468a-95fe-3283a39b7334,incoming,17.50,Trumao (Arena),null,,2026-01-12 12:12:29.306+00,2026-01-12,,,Camilo H,,,,2026-01-12 12:14:37.02+00,938f41d9-3365-4543-afd3-616332d4ed5e
ef18b0a1-807b-4e9b-af30-9120636600fd,c4af1af6-d35d-4e70-96a3-0d6172dbf701,b6342b66-12c3-4a3c-b2a1-e408fc700348,fc5c6a1e-f1e2-468a-95fe-3283a39b7334,incoming,17.50,Trumao (Arena),null,,2026-01-07 15:26:07.151+00,2026-01-07,,,Camilo H,,,,,
ef807e7d-fc06-4e41-af73-5f42ca695749,c4af1af6-d35d-4e70-96a3-0d6172dbf701,43b2b73b-cdaa-4e90-abee-f488a49b6f85,fc5c6a1e-f1e2-468a-95fe-3283a39b7334,incoming,17.50,Trumao (Arena),null,,2026-01-09 13:52:51.188+00,2026-01-09,,,Camilo H,,,,,
f06a6039-b103-4ebd-bd3e-f3694d2afb32,c4af1af6-d35d-4e70-96a3-0d6172dbf701,ca033e3a-6823-427c-b9f3-17689407cd5d,fc5c6a1e-f1e2-468a-95fe-3283a39b7334,incoming,17.50,Trumao (Arena),null,,2026-01-08 15:24:54.814+00,2026-01-08,,,Camilo H,,,,,
f325b7e2-afe8-4b3f-ae52-586061811d43,c4af1af6-d35d-4e70-96a3-0d6172dbf701,43b2b73b-cdaa-4e90-abee-f488a49b6f85,fc5c6a1e-f1e2-468a-95fe-3283a39b7334,incoming,17.50,Trumao (Arena),,,2026-01-12 19:54:00+00,2026-01-12,,,Camilo H,,,,,
f3368c91-869f-46f6-a4b2-382fbcf5758b,c4af1af6-d35d-4e70-96a3-0d6172dbf701,51627dc9-3b32-4fb9-9a7b-c443bff18822,fc5c6a1e-f1e2-468a-95fe-3283a39b7334,outgoing,17.00,Tierra,,Interno,2026-01-14 14:16:34.701+00,2026-01-14,,,,,,,,
f7ba75f8-6621-46e6-b8a7-fc4ae76fe306,c4af1af6-d35d-4e70-96a3-0d6172dbf701,b6342b66-12c3-4a3c-b2a1-e408fc700348,fc5c6a1e-f1e2-468a-95fe-3283a39b7334,incoming,17.50,Trumao (Arena),,,2026-01-12 15:29:00+00,2026-01-12,,,Camilo H,,,,,
f8462eef-715b-4a9f-9706-a2479aefb284,c4af1af6-d35d-4e70-96a3-0d6172dbf701,ca033e3a-6823-427c-b9f3-17689407cd5d,fc5c6a1e-f1e2-468a-95fe-3283a39b7334,incoming,17.50,Trumao (Arena),null,,2026-01-07 15:13:20.303+00,2026-01-07,,,Camilo H,,,,,
f96eff7d-e06e-4635-9590-18a38504ccfb,e4f64806-140d-453b-8b8e-d51544b8b02a,d2d166c5-b600-4d2d-86b4-053389dd4bfa,4c091cd9-7ea4-4767-9e1f-7ae06f7f225a,outgoing,20.00,Trumado (Grava),,Burdiles,2026-01-13 20:19:35.187+00,2026-01-13,,,,,,,,
f99c30bf-0010-4a00-a6fc-8ac1103b0697,c4af1af6-d35d-4e70-96a3-0d6172dbf701,ca033e3a-6823-427c-b9f3-17689407cd5d,fc5c6a1e-f1e2-468a-95fe-3283a39b7334,incoming,17.50,Trumao (Arena),null,,2026-01-07 19:59:39.09+00,2026-01-07,,,Camilo H,,,,,
fa3987d4-f6f6-4b1c-9160-2f0d552866bd,c4af1af6-d35d-4e70-96a3-0d6172dbf701,a65fd013-4e39-4377-b7cf-70f033977940,fc5c6a1e-f1e2-468a-95fe-3283a39b7334,incoming,17.50,Trumao (Arena),null,,2026-01-05 15:07:00+00,2026-01-05,,,Camilo H,,,,,
fa8e2c84-5da6-444a-9c3d-effa76bd2a4d,c4af1af6-d35d-4e70-96a3-0d6172dbf701,a7203471-01ed-4899-bfd9-c580d55522b3,fc5c6a1e-f1e2-468a-95fe-3283a39b7334,incoming,17.50,Trumao (Arena),,,2026-01-08 17:03:00+00,2026-01-08,,,Camilo H,,,,,
fb2c4277-c28b-42c0-906b-852f6325697d,c4af1af6-d35d-4e70-96a3-0d6172dbf701,a7203471-01ed-4899-bfd9-c580d55522b3,fc5c6a1e-f1e2-468a-95fe-3283a39b7334,incoming,17.50,Trumao (Arena),null,,2026-01-06 12:43:13.624+00,2026-01-06,,,Camilo H,,,,,
fd471708-ff1d-4911-97d9-5bc6304a44c3,c4af1af6-d35d-4e70-96a3-0d6172dbf701,4632b886-8ee7-407b-a5a7-c6e8811f186b,fc5c6a1e-f1e2-468a-95fe-3283a39b7334,outgoing,20.00,Basura,null,Burdiles,2026-01-14 14:51:05.674+00,2026-01-14,,,,,,,2026-01-14 19:31:00.588+00,fc5c6a1e-f1e2-468a-95fe-3283a39b7334
fe4c59e6-38c8-40f4-b7d7-7d5c63dfcf6b,c4af1af6-d35d-4e70-96a3-0d6172dbf701,ca033e3a-6823-427c-b9f3-17689407cd5d,fc5c6a1e-f1e2-468a-95fe-3283a39b7334,incoming,17.50,Trumao (Arena),,,2026-01-12 15:33:00+00,2026-01-12,,,Camilo H,,,,,
feadbb45-32d7-49ae-b94f-b1f1ad3c473c,c4af1af6-d35d-4e70-96a3-0d6172dbf701,51627dc9-3b32-4fb9-9a7b-c443bff18822,fc5c6a1e-f1e2-468a-95fe-3283a39b7334,outgoing,17.00,Tierra,,Interno,2026-01-13 15:30:22.721+00,2026-01-13,,,,,,,,
feea57a2-4379-42b3-8ba7-899ddc902c2f,c4af1af6-d35d-4e70-96a3-0d6172dbf701,063b0758-ce9b-48b1-ba95-6bc5fc9bdafc,fc5c6a1e-f1e2-468a-95fe-3283a39b7334,outgoing,14.00,Tierra,,Interno,2026-01-17 11:55:00.754+00,2026-01-17,,,,,,,,
ff6cd260-ae7a-49e5-bb66-bcaa2c1b3d72,c4af1af6-d35d-4e70-96a3-0d6172dbf701,063b0758-ce9b-48b1-ba95-6bc5fc9bdafc,fc5c6a1e-f1e2-468a-95fe-3283a39b7334,outgoing,14.00,Tierra,,Interno,2026-01-17 13:37:01.468+00,2026-01-17,,,,,,,,